{
    "paper_id": "105268027d44ab275991e358674462f77223e882",
    "metadata": {
        "title": "Complete Genome Sequence of the Porcine Epidemic Diarrhea Virus Strain SLO/JH-11/2015",
        "authors": [
            {
                "first": "Ivan",
                "middle": [],
                "last": "Toplak",
                "suffix": "",
                "affiliation": {},
                "email": ""
            },
            {
                "first": "Manica",
                "middle": [],
                "last": "Ipavec",
                "suffix": "",
                "affiliation": {},
                "email": ""
            },
            {
                "first": "Ur\u0161ka",
                "middle": [],
                "last": "Kuhar",
                "suffix": "",
                "affiliation": {},
                "email": ""
            },
            {
                "first": "Darja",
                "middle": [],
                "last": "Ku\u0161ar",
                "suffix": "",
                "affiliation": {},
                "email": ""
            },
            {
                "first": "Bojan",
                "middle": [],
                "last": "Papi\u0107",
                "suffix": "",
                "affiliation": {},
                "email": ""
            },
            {
                "first": "Simon",
                "middle": [],
                "last": "Koren",
                "suffix": "",
                "affiliation": {},
                "email": ""
            },
            {
                "first": "Nata\u0161a",
                "middle": [],
                "last": "Toplak",
                "suffix": "",
                "affiliation": {},
                "email": ""
            }
        ]
    },
    "abstract": [
        {
            "text": "Porcine epidemic diarrhea virus (PEDV) was detected for the first time in Slovenia in January 2015. The complete genome sequence of PEDV strain SLO/JH-11/2015, obtained from a fecal sample of a fattening pig with diarrhea in September 2015, is closely related to recently detected European strains.",
            "cite_spans": [],
            "ref_spans": [],
            "section": "Abstract"
        }
    ],
    "body_text": [
        {
            "text": "England in 1971 and, until the end of the 1990s, sporadic cases have been reported throughout Europe (1, 2) . Since 2010, severe outbreaks with high mortality have also been reported from Asia (3) . In the United States, the virus was first detected in spring 2013 and emerged through swine herds (4) (5) (6) (7) . In January 2014, a novel PEDV variant named S INDEL strain OH851 was identified in the United States (7) . Between 2014 and 2015, the S INDEL strain was also identified in Germany, France, Belgium, and Japan (8) (9) (10) (11) . In December 2014, a clinical outbreak of diarrhea was observed at a pig-fattening farm, and PEDV was confirmed for the first time in Slovenia in January 2015 by real-time PCR (12) . At the same farm, PEDV was detected again in September 2015, in three fecal samples collected from fattening pigs with acute diarrhea.",
            "cite_spans": [
                {
                    "start": 101,
                    "end": 104,
                    "text": "(1,",
                    "ref_id": "BIBREF0"
                },
                {
                    "start": 105,
                    "end": 107,
                    "text": "2)",
                    "ref_id": "BIBREF1"
                },
                {
                    "start": 193,
                    "end": 196,
                    "text": "(3)",
                    "ref_id": "BIBREF2"
                },
                {
                    "start": 297,
                    "end": 300,
                    "text": "(4)",
                    "ref_id": "BIBREF3"
                },
                {
                    "start": 301,
                    "end": 304,
                    "text": "(5)",
                    "ref_id": "BIBREF4"
                },
                {
                    "start": 305,
                    "end": 308,
                    "text": "(6)",
                    "ref_id": null
                },
                {
                    "start": 309,
                    "end": 312,
                    "text": "(7)",
                    "ref_id": "BIBREF7"
                },
                {
                    "start": 416,
                    "end": 419,
                    "text": "(7)",
                    "ref_id": "BIBREF7"
                },
                {
                    "start": 523,
                    "end": 526,
                    "text": "(8)",
                    "ref_id": "BIBREF8"
                },
                {
                    "start": 527,
                    "end": 530,
                    "text": "(9)",
                    "ref_id": "BIBREF9"
                },
                {
                    "start": 531,
                    "end": 535,
                    "text": "(10)",
                    "ref_id": "BIBREF10"
                },
                {
                    "start": 536,
                    "end": 540,
                    "text": "(11)",
                    "ref_id": "BIBREF11"
                },
                {
                    "start": 718,
                    "end": 722,
                    "text": "(12)",
                    "ref_id": "BIBREF12"
                }
            ],
            "ref_spans": [],
            "section": ""
        },
        {
            "text": "Direct total RNA extraction was performed using the QIAamp viral RNA kit (Qiagen, Hilden, Germany) according to the manufacturer's instructions and subsequently using the standard TRIzol protocol. For sequencing the complete PEDV genome, an RNA library was prepared using the Ion total RNA sequencing kit version 2 (Thermo, Fisher Scientific-Ion Torrent, Carlsbad, CA, USA) according to the manufacturer's protocol. Emulsion PCR and enrichment were carried out using the Ion PGM template OT2 200 kit (Thermo, Fisher Scientific-Ion Torrent). The amplified library was sequenced on the Ion PGM platform using the Ion PGM HiQ sequencing kit and the Ion 314 Chip version 2 (Thermo, Fisher Scientific-Ion Torrent). Reads were mapped against the reference German PEDV strain L00721 (LM645057) genome and analyzed using the DNAStar Lasergene version 10.1.1 (DNAStar, Inc., Madison, WI, USA).",
            "cite_spans": [],
            "ref_spans": [],
            "section": ""
        },
        {
            "text": "The size of the PEDV strain SLO/JH-11/2015 genome was 28,028 nucleotides (nt), excluding the poly-A tail. The genomic organization was found to be the same as previously described for the isolate 15V010 from Belgium (9) To our knowledge, this is the first published complete PEDV sequence from Slovenia. The data confirm that the whole-PEDVgenome sequencing is possible from complex samples without the use of virus-specific primer sets. The obtained SLO/JH-11/2015 sequence will further our understanding of the genetic diversity of PEDV strains in Slovenia and facilitate future research on the epidemiology of PEDV circulating in Europe.",
            "cite_spans": [],
            "ref_spans": [],
            "section": ""
        },
        {
            "text": "Nucleotide sequence accession number. The complete genome sequence of PEDV SLO/JH-11/2015 has been deposited to GenBank under accession number KU297956.",
            "cite_spans": [],
            "ref_spans": [],
            "section": ""
        }
    ],
    "bib_entries": {
        "BIBREF0": {
            "ref_id": "b0",
            "title": "A new coronavirus-like particle associated with diarrhea in swine",
            "authors": [
                {
                    "first": "M",
                    "middle": [
                        "B"
                    ],
                    "last": "Pensaert",
                    "suffix": ""
                },
                {
                    "first": "De",
                    "middle": [],
                    "last": "Bouck",
                    "suffix": ""
                },
                {
                    "first": "P",
                    "middle": [],
                    "last": "",
                    "suffix": ""
                }
            ],
            "year": 1978,
            "venue": "Arch Virol",
            "volume": "58",
            "issn": "",
            "pages": "243--247",
            "other_ids": {
                "DOI": [
                    "10.1007/BF01317606"
                ]
            }
        },
        "BIBREF1": {
            "ref_id": "b1",
            "title": "Completion of the porcine epidemic diarrhoea coronavirus (PEDV) genome sequence",
            "authors": [
                {
                    "first": "R",
                    "middle": [],
                    "last": "Kocherhans",
                    "suffix": ""
                },
                {
                    "first": "A",
                    "middle": [],
                    "last": "Bridgen",
                    "suffix": ""
                },
                {
                    "first": "M",
                    "middle": [],
                    "last": "Ackermann",
                    "suffix": ""
                },
                {
                    "first": "K",
                    "middle": [],
                    "last": "Tobler",
                    "suffix": ""
                }
            ],
            "year": 2001,
            "venue": "Virus Genes",
            "volume": "23",
            "issn": "",
            "pages": "137--144",
            "other_ids": {
                "DOI": [
                    "10.1023/A:1011831902219"
                ]
            }
        },
        "BIBREF2": {
            "ref_id": "b2",
            "title": "Complete genome sequence of a highly prevalent isolate of porcine epidemic diarrhea virus in South China",
            "authors": [
                {
                    "first": "Y",
                    "middle": [],
                    "last": "Luo",
                    "suffix": ""
                },
                {
                    "first": "J",
                    "middle": [],
                    "last": "Zhang",
                    "suffix": ""
                },
                {
                    "first": "X",
                    "middle": [],
                    "last": "Deng",
                    "suffix": ""
                },
                {
                    "first": "Y",
                    "middle": [],
                    "last": "Ye",
                    "suffix": ""
                },
                {
                    "first": "M",
                    "middle": [],
                    "last": "Liao",
                    "suffix": ""
                },
                {
                    "first": "H",
                    "middle": [],
                    "last": "Fan",
                    "suffix": ""
                }
            ],
            "year": 2012,
            "venue": "J Virol",
            "volume": "86",
            "issn": "",
            "pages": "",
            "other_ids": {
                "DOI": [
                    "10.1128/JVI.01455-12"
                ]
            }
        },
        "BIBREF3": {
            "ref_id": "b3",
            "title": "Distinct characteristics and complex evolution of PEDV strains",
            "authors": [
                {
                    "first": "A",
                    "middle": [
                        "N"
                    ],
                    "last": "Vlasova",
                    "suffix": ""
                },
                {
                    "first": "D",
                    "middle": [],
                    "last": "Marthaler",
                    "suffix": ""
                },
                {
                    "first": "Q",
                    "middle": [],
                    "last": "Wang",
                    "suffix": ""
                },
                {
                    "first": "M",
                    "middle": [
                        "R"
                    ],
                    "last": "Culhane",
                    "suffix": ""
                },
                {
                    "first": "K",
                    "middle": [
                        "D"
                    ],
                    "last": "Rossow",
                    "suffix": ""
                },
                {
                    "first": "A",
                    "middle": [],
                    "last": "Rovira",
                    "suffix": ""
                },
                {
                    "first": "J",
                    "middle": [],
                    "last": "Collins",
                    "suffix": ""
                },
                {
                    "first": "L",
                    "middle": [
                        "J"
                    ],
                    "last": "Saif",
                    "suffix": ""
                }
            ],
            "year": 2013,
            "venue": "Emerg Infect Dis",
            "volume": "20",
            "issn": "",
            "pages": "1620--1628",
            "other_ids": {
                "DOI": [
                    "10.3201/eid2010.140491"
                ]
            }
        },
        "BIBREF4": {
            "ref_id": "b4",
            "title": "Complete genome sequence of porcine epidemic diarrhea virus strain USA/Colorado/2013 from the United States",
            "authors": [
                {
                    "first": "D",
                    "middle": [],
                    "last": "Marthaler",
                    "suffix": ""
                },
                {
                    "first": "Y",
                    "middle": [],
                    "last": "Jiang",
                    "suffix": ""
                },
                {
                    "first": "T",
                    "middle": [],
                    "last": "Otterson",
                    "suffix": ""
                },
                {
                    "first": "S",
                    "middle": [],
                    "last": "Goyal",
                    "suffix": ""
                },
                {
                    "first": "K",
                    "middle": [],
                    "last": "Rossow",
                    "suffix": ""
                },
                {
                    "first": "J",
                    "middle": [],
                    "last": "Collins",
                    "suffix": ""
                }
            ],
            "year": 2013,
            "venue": "Genome Announc",
            "volume": "1",
            "issn": "4",
            "pages": "555--568",
            "other_ids": {
                "DOI": [
                    "10.1128/genomeA.00555-13"
                ]
            }
        },
        "BIBREF6": {
            "ref_id": "b6",
            "title": "Isolation and characterization of porcine epidemic diarrhea viruses associated with the 2013 disease outbreak among swine in the United States",
            "authors": [
                {
                    "first": "K",
                    "middle": [
                        "M"
                    ],
                    "last": "Harmon",
                    "suffix": ""
                },
                {
                    "first": "R",
                    "middle": [
                        "G"
                    ],
                    "last": "Main",
                    "suffix": ""
                },
                {
                    "first": "J",
                    "middle": [],
                    "last": "Zhang",
                    "suffix": ""
                }
            ],
            "year": 2014,
            "venue": "J Clin Microbiol",
            "volume": "52",
            "issn": "",
            "pages": "234--243",
            "other_ids": {
                "DOI": [
                    "10.1128/JCM.02820-13"
                ]
            }
        },
        "BIBREF7": {
            "ref_id": "b7",
            "title": "New variant of porcine epidemic diarrhea virus",
            "authors": [
                {
                    "first": "L",
                    "middle": [],
                    "last": "Wang",
                    "suffix": ""
                },
                {
                    "first": "B",
                    "middle": [],
                    "last": "Byrum",
                    "suffix": ""
                },
                {
                    "first": "Y",
                    "middle": [],
                    "last": "Zhang",
                    "suffix": ""
                }
            ],
            "year": 2014,
            "venue": "Emerg Infect Dis",
            "volume": "20",
            "issn": "",
            "pages": "917--919",
            "other_ids": {
                "DOI": [
                    "10.3201/eid2005.140195"
                ]
            }
        },
        "BIBREF8": {
            "ref_id": "b8",
            "title": "Comparison of porcine epidemic diarrhea viruses from Germany and the United States",
            "authors": [
                {
                    "first": "D",
                    "middle": [],
                    "last": "Hanke",
                    "suffix": ""
                },
                {
                    "first": "M",
                    "middle": [],
                    "last": "Jenckel",
                    "suffix": ""
                },
                {
                    "first": "A",
                    "middle": [],
                    "last": "Petrov",
                    "suffix": ""
                },
                {
                    "first": "M",
                    "middle": [],
                    "last": "Ritzmann",
                    "suffix": ""
                },
                {
                    "first": "J",
                    "middle": [],
                    "last": "Stadler",
                    "suffix": ""
                },
                {
                    "first": "V",
                    "middle": [],
                    "last": "Akimkin",
                    "suffix": ""
                },
                {
                    "first": "S",
                    "middle": [],
                    "last": "Blome",
                    "suffix": ""
                },
                {
                    "first": "A",
                    "middle": [],
                    "last": "Pohlmann",
                    "suffix": ""
                },
                {
                    "first": "H",
                    "middle": [],
                    "last": "Schirrmeier",
                    "suffix": ""
                },
                {
                    "first": "M",
                    "middle": [],
                    "last": "Beer",
                    "suffix": ""
                },
                {
                    "first": "D",
                    "middle": [],
                    "last": "H\u00f6per",
                    "suffix": ""
                }
            ],
            "year": 2014,
            "venue": "Emerg Infect Dis",
            "volume": "21",
            "issn": "",
            "pages": "493--496",
            "other_ids": {
                "DOI": [
                    "10.3201/eid2103.141165"
                ]
            }
        },
        "BIBREF9": {
            "ref_id": "b9",
            "title": "Complete genome sequence of a porcine epidemic diarrhea virus from a novel outbreak in Belgium",
            "authors": [
                {
                    "first": "S",
                    "middle": [],
                    "last": "Theuns",
                    "suffix": ""
                },
                {
                    "first": "N",
                    "middle": [],
                    "last": "Concei\u00e7\u00e3o-Neto",
                    "suffix": ""
                },
                {
                    "first": "I",
                    "middle": [],
                    "last": "Christiaens",
                    "suffix": ""
                },
                {
                    "first": "M",
                    "middle": [],
                    "last": "Zeller",
                    "suffix": ""
                },
                {
                    "first": "Lmb",
                    "middle": [],
                    "last": "Desmarets",
                    "suffix": ""
                },
                {
                    "first": "Idm",
                    "middle": [],
                    "last": "Roukaerts",
                    "suffix": ""
                },
                {
                    "first": "D",
                    "middle": [
                        "D"
                    ],
                    "last": "Acar",
                    "suffix": ""
                },
                {
                    "first": "E",
                    "middle": [],
                    "last": "Heylen",
                    "suffix": ""
                },
                {
                    "first": "J",
                    "middle": [],
                    "last": "Matthijnssens",
                    "suffix": ""
                },
                {
                    "first": "H",
                    "middle": [
                        "J"
                    ],
                    "last": "Nauwynck",
                    "suffix": ""
                }
            ],
            "year": 2015,
            "venue": "Genome Announc",
            "volume": "3",
            "issn": "3",
            "pages": "506--521",
            "other_ids": {
                "DOI": [
                    "10.1128/genomeA.00506-15"
                ]
            }
        },
        "BIBREF10": {
            "ref_id": "b10",
            "title": "Complete genome sequence of a porcine epidemic diarrhea S gene indel strain isolated in France in December",
            "authors": [
                {
                    "first": "B",
                    "middle": [],
                    "last": "Grasland",
                    "suffix": ""
                },
                {
                    "first": "L",
                    "middle": [],
                    "last": "Bigault",
                    "suffix": ""
                },
                {
                    "first": "C",
                    "middle": [],
                    "last": "Bernard",
                    "suffix": ""
                },
                {
                    "first": "H",
                    "middle": [],
                    "last": "Quenault",
                    "suffix": ""
                },
                {
                    "first": "O",
                    "middle": [],
                    "last": "Toulouse",
                    "suffix": ""
                },
                {
                    "first": "C",
                    "middle": [],
                    "last": "Fablet",
                    "suffix": ""
                },
                {
                    "first": "N",
                    "middle": [],
                    "last": "Rose",
                    "suffix": ""
                },
                {
                    "first": "F",
                    "middle": [],
                    "last": "Touzain",
                    "suffix": ""
                },
                {
                    "first": "Y",
                    "middle": [],
                    "last": "Blanchard",
                    "suffix": ""
                }
            ],
            "year": 2014,
            "venue": "Genome Announc",
            "volume": "3",
            "issn": "3",
            "pages": "535--550",
            "other_ids": {
                "DOI": [
                    "10.1128/genomeA.00535-15"
                ]
            }
        },
        "BIBREF11": {
            "ref_id": "b11",
            "title": "Isolation and experimental inoculation of an S indel strain of porcine epidemic diarrhea virus in Japan",
            "authors": [
                {
                    "first": "R",
                    "middle": [],
                    "last": "Yamamoto",
                    "suffix": ""
                },
                {
                    "first": "J",
                    "middle": [],
                    "last": "Soma",
                    "suffix": ""
                },
                {
                    "first": "M",
                    "middle": [],
                    "last": "Nakanishi",
                    "suffix": ""
                },
                {
                    "first": "R",
                    "middle": [],
                    "last": "Yamaguchi",
                    "suffix": ""
                },
                {
                    "first": "S",
                    "middle": [],
                    "last": "Niinuma",
                    "suffix": ""
                }
            ],
            "year": 2015,
            "venue": "Res Vet Sci",
            "volume": "103",
            "issn": "",
            "pages": "103--106",
            "other_ids": {
                "DOI": [
                    "10.1016/j.rvsc.2015.09.024"
                ]
            }
        },
        "BIBREF12": {
            "ref_id": "b12",
            "title": "First detection of porcine epidemic diarrhoea virus in Slovenia",
            "authors": [
                {
                    "first": "I",
                    "middle": [],
                    "last": "Toplak",
                    "suffix": ""
                },
                {
                    "first": "M",
                    "middle": [],
                    "last": "\u0160tukelj",
                    "suffix": ""
                },
                {
                    "first": "D",
                    "middle": [],
                    "last": "Rihtari",
                    "suffix": ""
                },
                {
                    "first": "P",
                    "middle": [],
                    "last": "Hostnik",
                    "suffix": ""
                },
                {
                    "first": "J",
                    "middle": [],
                    "last": "Grom",
                    "suffix": ""
                }
            ],
            "year": 2015,
            "venue": "",
            "volume": "",
            "issn": "",
            "pages": "",
            "other_ids": {}
        }
    },
    "ref_entries": {
        "FIGREF0": {
            "text": ". The complete genome sequence of the SLO/JH-11/2015 strain was closely related to the (i) recently detected European strain GER/L00719/2014 identified in May 2014 in Germany with 49-nt changes scattering over the genome (8); (ii) strain FR/001/2014 identified in December 2014 in France with 44-nt changes (10); (iii) strain BEL/ 15V010/2015 with 93-nt changes; and (iv) the prototype United States INDEL strain OH851 with 185-nt changes. Our findings indicate that the PEDV strain identified in the infected herd in September 2015 is a result of circulation of the S INDEL strain previously detected in Europe.",
            "latex": null,
            "type": "figure"
        }
    },
    "back_matter": [
        {
            "text": "This work was supported by the Slovenian Research Agency, Program Group Animal Health, Environment and Food Safety (P4-0092).",
            "cite_spans": [],
            "ref_spans": [],
            "section": "ACKNOWLEDGMENT"
        }
    ]
}