{
    "paper_id": "1ef187d95b5c98c9ef187f3b5cf23e276bf1b018",
    "metadata": {
        "title": "Detection and phylogenetic analysis of porcine epidemic diarrhea virus in central China based on the ORF3 gene and the S1 gene",
        "authors": [
            {
                "first": "Yunfang",
                "middle": [],
                "last": "Su",
                "suffix": "",
                "affiliation": {},
                "email": ""
            },
            {
                "first": "Yunchao",
                "middle": [],
                "last": "Liu",
                "suffix": "",
                "affiliation": {},
                "email": ""
            },
            {
                "first": "Yumei",
                "middle": [],
                "last": "Chen",
                "suffix": "",
                "affiliation": {},
                "email": ""
            },
            {
                "first": "Baolei",
                "middle": [],
                "last": "Zhao",
                "suffix": "",
                "affiliation": {},
                "email": ""
            },
            {
                "first": "Pengchao",
                "middle": [],
                "last": "Ji",
                "suffix": "",
                "affiliation": {},
                "email": ""
            },
            {
                "first": "Guangxu",
                "middle": [],
                "last": "Xing",
                "suffix": "",
                "affiliation": {},
                "email": ""
            },
            {
                "first": "Dawei",
                "middle": [],
                "last": "Jiang",
                "suffix": "",
                "affiliation": {},
                "email": ""
            },
            {
                "first": "Chang",
                "middle": [],
                "last": "Liu",
                "suffix": "",
                "affiliation": {},
                "email": ""
            },
            {
                "first": "Yapeng",
                "middle": [],
                "last": "Song",
                "suffix": "",
                "affiliation": {},
                "email": ""
            },
            {
                "first": "Guoqiang",
                "middle": [],
                "last": "Wang",
                "suffix": "",
                "affiliation": {},
                "email": ""
            },
            {
                "first": "Dongliang",
                "middle": [],
                "last": "Li",
                "suffix": "",
                "affiliation": {},
                "email": ""
            },
            {
                "first": "Ruiguang",
                "middle": [],
                "last": "Deng",
                "suffix": "",
                "affiliation": {},
                "email": ""
            },
            {
                "first": "Gaiping",
                "middle": [],
                "last": "Zhang",
                "suffix": "",
                "affiliation": {},
                "email": ""
            }
        ]
    },
    "abstract": [
        {
            "text": "Background: Porcine epidemic diarrhea (PED) has increased in severity in China since 2010. To investigate further the infectivity, genetic diversity and molecular epidemiology of its causative agent, the porcine epidemic diarrhea virus (PEDV), we assessed 129 clinical samples, which were the intestinal tissue of piglets with severe diarrhea, from 17 cities in central China. Both the spike (S) glycoprotein (S1, 1-789 amino acids (aa)) and the full-length ORF3 gene of 21 representative field strains from 21 farms in 11 cities were sequenced and analysed. Methods: PEDV was detected by reverse transcription-polymerase chain reaction (RT-PCR), and S1 and ORF3 sequences were processed by the Clustal W method via DNAMAN 8 software, and phylogenetic trees were constructed by the neighbor-joining method using MEGA 6 software. Results: The prevalence of PEDV was 92.25% and was detected in 119 of 129 samples, with 94.03% (63 of 67) of pig farms harbouring the disease. According to the phylogenetic analysis of the S1 genes, our isolates all fell into group G2 (variants) and showed a close relationship to isolates from Chinese (HN1303, CH/ZMDZY/11 and AJ1102), Korean (AD01), American (MN, IA1, IA2 and 13-019349) sources, and these isolates differed genetically from other Chinese (LZC, CH/HNZZ/2011 and SD-M) and Korean (SM98) strains as well Japanese (83-P5 and MK) strains. In addition, our isolates differed from attenuated vaccine strains, CV777 (used in China) and DR13 (used in Korea). According to our derived amino acid sequence analysis, we detected one novel variant PEDV, viz: CH/HNLY, with 4-aa insertion/deletion (RSSS/T) at position 375 and 1-aa (D) deletion at position 430 compared to the CV777 attenuated strain. These mutations were located on the receptor binding domain. Our ORF3 gene analyses showed that the prevalent PEDV isolates were variants, and the isolated strains differed genetically from the vaccine strains. Conclusions: These findings illustrated the existence of genetic diversity among geographically distinct PEDV strains, and our study has provided an impetus to conduct further research on the PEDV receptor binding protein and on the new and efficacious vaccines design.",
            "cite_spans": [],
            "ref_spans": [],
            "section": "Abstract"
        }
    ],
    "body_text": [
        {
            "text": "Porcine epidemic diarrhoea (PED) is an acute, highly contagious disease of swine caused by the PED virus (PEDV), which leads to severe vomiting and diarrhea along with dehydration and high mortality in new-born piglets [1] . PEDV belongs to the family Coronaviridae, genus Alphacoronavirus and was first reported in England [2] . PEDV has now been reported worldwide, including in Belgium, France, Japan, Korea, Italy, Thailand, USA, Canada and Mexico [1] [2] [3] [4] [5] and poses severe economic burdens. Since 2010 serious PED has been detected in China [6] . PEDV is an enveloped ssRNA coronavirus with a 28 kb genome, including seven open reading frames (ORFs), a 5\u2032 untranslated region (UTR), and a 3\u2032 UTR with a polyadenylated tail. The seven ORFs encode four structural proteins, spike (S), envelope (E), membrane (M) and nucleocapsid (N) and three non-structural proteins, replicases 1a, 1b and ORF3 [7, 8] . The S protein contains a specific receptor binding site that is important for cell membrane fusion and virus entry and is an antigenic target for neutralising antibodies [9] . The M protein is the most abundant surface protein, and coexpression with E protein to form pseudo-particles results in interfering genic activity [10] . The N protein is highly conserved and binds to virion RNA to provide a structural basis for the helical nucleocapsid, and it is used for early diagnosis [11] . For non-structural proteins, replicases 1a and 1b are multi-functional and associated with viral genome replication [12] , and the accessory ORF3 protein is thought to influence virulence [13] .",
            "cite_spans": [
                {
                    "start": 219,
                    "end": 222,
                    "text": "[1]",
                    "ref_id": "BIBREF0"
                },
                {
                    "start": 324,
                    "end": 327,
                    "text": "[2]",
                    "ref_id": "BIBREF1"
                },
                {
                    "start": 452,
                    "end": 455,
                    "text": "[1]",
                    "ref_id": "BIBREF0"
                },
                {
                    "start": 456,
                    "end": 459,
                    "text": "[2]",
                    "ref_id": "BIBREF1"
                },
                {
                    "start": 460,
                    "end": 463,
                    "text": "[3]",
                    "ref_id": "BIBREF2"
                },
                {
                    "start": 464,
                    "end": 467,
                    "text": "[4]",
                    "ref_id": "BIBREF3"
                },
                {
                    "start": 468,
                    "end": 471,
                    "text": "[5]",
                    "ref_id": "BIBREF4"
                },
                {
                    "start": 557,
                    "end": 560,
                    "text": "[6]",
                    "ref_id": "BIBREF5"
                },
                {
                    "start": 909,
                    "end": 912,
                    "text": "[7,",
                    "ref_id": "BIBREF6"
                },
                {
                    "start": 913,
                    "end": 915,
                    "text": "8]",
                    "ref_id": "BIBREF7"
                },
                {
                    "start": 1088,
                    "end": 1091,
                    "text": "[9]",
                    "ref_id": "BIBREF8"
                },
                {
                    "start": 1241,
                    "end": 1245,
                    "text": "[10]",
                    "ref_id": "BIBREF9"
                },
                {
                    "start": 1401,
                    "end": 1405,
                    "text": "[11]",
                    "ref_id": "BIBREF10"
                },
                {
                    "start": 1524,
                    "end": 1528,
                    "text": "[12]",
                    "ref_id": "BIBREF11"
                },
                {
                    "start": 1596,
                    "end": 1600,
                    "text": "[13]",
                    "ref_id": "BIBREF12"
                }
            ],
            "ref_spans": [],
            "section": "Background"
        },
        {
            "text": "The S1 domain (amino acids (aa) 21-793) contains two subdomains: NTD (aa 21-324) and CTD (aa 253-638) [14] , with the latter binding to porcine aminopeptidase N (pAPN) which is important for cell membrane fusion and virus entry and it is the antigenic target of neutralising antibodies [15] . Thus, the variable S1 gene has been widely used for studies of PEDV genetic evolution and diversity [16, 17] . PEDV CV777 has three main neutralising epitopes: aa 498-637 (CO-26 K equivalent, COE gene) [18] , aa 747-754 (YSNIGVCK) and aa 763-770 (LQDGQVKI) [19] . Sequence analyses indicated that the latest PEDV isolated strains in China were different from attenuated CV777 [16, 20, 21] . Multiple mutations of the S protein resulted in two PEDV genotypes, G1 and G2 (classical strains and variant strains) [16] , and a recent study suggested that antigenic variation exists between G1 and G2 [22] . The variable S1 gene has been widely used for studies of PEDV genetic evolution and diversity [16, 17] . The accessory ORF3 gene is highly relevant to the virulence of PEDV as previously stated [13] , and reduction in virulence is produced through cell culture adaptation [23, 24] . The ORF3 gene of attenuated vaccine isolates has a continuous deletion of 17 amino acids (aa 82-99), thus distinguishing the vaccine isolates from variant PEDV [24] . Therefore, the ORF3 gene has been the focus of molecular epidemiology PEDV studies [16, 20, 21, 25] . As aforementioned, we chose the S1 and ORF3 genes as the target genes for phylogenetic analysis.",
            "cite_spans": [
                {
                    "start": 102,
                    "end": 106,
                    "text": "[14]",
                    "ref_id": "BIBREF13"
                },
                {
                    "start": 286,
                    "end": 290,
                    "text": "[15]",
                    "ref_id": "BIBREF14"
                },
                {
                    "start": 393,
                    "end": 397,
                    "text": "[16,",
                    "ref_id": "BIBREF15"
                },
                {
                    "start": 398,
                    "end": 401,
                    "text": "17]",
                    "ref_id": "BIBREF16"
                },
                {
                    "start": 495,
                    "end": 499,
                    "text": "[18]",
                    "ref_id": "BIBREF17"
                },
                {
                    "start": 550,
                    "end": 554,
                    "text": "[19]",
                    "ref_id": "BIBREF18"
                },
                {
                    "start": 669,
                    "end": 673,
                    "text": "[16,",
                    "ref_id": "BIBREF15"
                },
                {
                    "start": 674,
                    "end": 677,
                    "text": "20,",
                    "ref_id": "BIBREF19"
                },
                {
                    "start": 678,
                    "end": 681,
                    "text": "21]",
                    "ref_id": "BIBREF20"
                },
                {
                    "start": 802,
                    "end": 806,
                    "text": "[16]",
                    "ref_id": "BIBREF15"
                },
                {
                    "start": 888,
                    "end": 892,
                    "text": "[22]",
                    "ref_id": "BIBREF21"
                },
                {
                    "start": 989,
                    "end": 993,
                    "text": "[16,",
                    "ref_id": "BIBREF15"
                },
                {
                    "start": 994,
                    "end": 997,
                    "text": "17]",
                    "ref_id": "BIBREF16"
                },
                {
                    "start": 1089,
                    "end": 1093,
                    "text": "[13]",
                    "ref_id": "BIBREF12"
                },
                {
                    "start": 1167,
                    "end": 1171,
                    "text": "[23,",
                    "ref_id": "BIBREF22"
                },
                {
                    "start": 1172,
                    "end": 1175,
                    "text": "24]",
                    "ref_id": "BIBREF23"
                },
                {
                    "start": 1338,
                    "end": 1342,
                    "text": "[24]",
                    "ref_id": "BIBREF23"
                },
                {
                    "start": 1428,
                    "end": 1432,
                    "text": "[16,",
                    "ref_id": "BIBREF15"
                },
                {
                    "start": 1433,
                    "end": 1436,
                    "text": "20,",
                    "ref_id": "BIBREF19"
                },
                {
                    "start": 1437,
                    "end": 1440,
                    "text": "21,",
                    "ref_id": "BIBREF20"
                },
                {
                    "start": 1441,
                    "end": 1444,
                    "text": "25]",
                    "ref_id": "BIBREF24"
                }
            ],
            "ref_spans": [],
            "section": "Background"
        },
        {
            "text": "Phylogenetic analysis of variations in the S1 gene of isolates collected in China distinguished the PEDV genotypes G1 and G2, including 1a classical PEDV, 1b classical PEDV, 2a circulating PEDV and 2b circulating PEDV subgroups [26] . Based on the ORF3 gene, the phylogenetic analysis of PEDV isolates in China manifested in genotypes G1 and G2, the G2 genotype including 2a PEDV and 2b PEDV subgroups [27] . To investigate further infectivity, genetic diversity and molecular epidemiology of PEDV, we performed phylogenetic analyses based on the S1 and ORF3 genes of the latest Chinese isolates collected. In this study, 129 samples were obtained from 67 farms in 17 cities of central China, and the S1 and ORF3 genes of 21 representative field strains from 21 farms in 11 cities were sequenced and analysed.",
            "cite_spans": [
                {
                    "start": 228,
                    "end": 232,
                    "text": "[26]",
                    "ref_id": "BIBREF25"
                },
                {
                    "start": 402,
                    "end": 406,
                    "text": "[27]",
                    "ref_id": "BIBREF26"
                }
            ],
            "ref_spans": [],
            "section": "Background"
        },
        {
            "text": "In this study, 129 intestinal tissue samples from new-born piglets suffering from severe diarrhea were collected from 67 farms in 17 cities (Zhengzhou, Kaifeng, Anyang, Hebi, Puyang, Xinxiang, Luoyang, Nanyang, Pingdingshan, Sanmenxia, Luohe, Jiaozuo, Xuchang, Yuncheng, Zhoukou, Zhumadia, and Xinyang) of central China from July 2014 to July 2015. Samples were diluted with 5 volumes of 0.9% saline (w/v), frozen and thawed three times and then clarified by centrifugation for 5 min at 3000 rpm. Three hundred microliters of the supernatants were used for RNA extraction using TRIzol, dissolved in RNase-free water and then stored at \u221280\u00b0C until further use. Synthesis of the cDNA was carried out through reverse transcription as described below. A total of 13 \u03bcl of viral RNA (approximately 1 \u03bcg) was mixed with 1 \u03bcl of 10 pmol Oligo (dT) primer (TaKaRa), incubated at 70\u00b0C for 10 min, then placed on ice for 1 min. Next, 4 \u03bcl of 5\u00d7 RT buffer, 1 \u03bcl of dNTP (2.5 mM) mixture, 0.5 \u03bcl of RNase inhibitor (40 U/\u03bcl) and 0.5 \u03bcl of reverse transcriptase M-MLV (200 U/\u03bcl) were added and gently mixed. The mixture was kept at 42\u00b0C for 1 h and the resulting cDNA stored at \u221220\u00b0C until further use.",
            "cite_spans": [],
            "ref_spans": [],
            "section": "Sample collection and cDNA synthesis"
        },
        {
            "text": "Primers used in this study were designed to target the conserved regions of the S gene and were synthesised by Sangon Biotech. The primers are listed in Table 1 . For the PCR reactions, 1 \u03bcl of cDNA, 10 \u03bcl ExTaq DNA polymerase (TAKARA), 1 \u03bcl of each primer (10 pmol) and RNase-free water in a total volume of 20 \u03bcl. The amplification was carried out as follows: 95\u00b0C for 5 min, followed by 33 cycles of 95\u00b0C for 1 min, 57\u00b0C for 1 min and 72\u00b0C for 1 min and finally 72\u00b0C for 10 min. The products were examined by electrophoresis using a 1.0% agarose gel.",
            "cite_spans": [],
            "ref_spans": [
                {
                    "start": 153,
                    "end": 160,
                    "text": "Table 1",
                    "ref_id": "TABREF0"
                }
            ],
            "section": "Clinical samples detection"
        },
        {
            "text": "Sequencing of the S1 and ORF3 genes",
            "cite_spans": [],
            "ref_spans": [],
            "section": "Clinical samples detection"
        },
        {
            "text": "The S1 and ORF3 genes of 21 representative field strains from 21 farms in 11 cities (Kaifeng, Anyang, Hebi, Puyang, Xinxiang, Luoyang, Nanyang, Sanmenxia, Xuchang, Yuncheng and Zhumadian) were amplified by PCR. To obtain the complete S1 (1-789 aa) sequence, four primers (S1U1F, S1U1R, S1U2F and S1U2R) were designed and synthesised as previously described [28] [29] [30] according to Table 1 , and the length of the final fragment was 2367 bp. The full-length ORF3 gene was obtained using previously published primers, and the length of the PCR product was 833 bp [31] . PCR products were purified, subcloned into pMD19-T and transformed using DH5\u03b1 competent cells.",
            "cite_spans": [
                {
                    "start": 357,
                    "end": 361,
                    "text": "[28]",
                    "ref_id": "BIBREF27"
                },
                {
                    "start": 362,
                    "end": 366,
                    "text": "[29]",
                    "ref_id": "BIBREF28"
                },
                {
                    "start": 367,
                    "end": 371,
                    "text": "[30]",
                    "ref_id": "BIBREF29"
                },
                {
                    "start": 565,
                    "end": 569,
                    "text": "[31]",
                    "ref_id": "BIBREF30"
                }
            ],
            "ref_spans": [
                {
                    "start": 385,
                    "end": 392,
                    "text": "Table 1",
                    "ref_id": "TABREF0"
                }
            ],
            "section": "Clinical samples detection"
        },
        {
            "text": "The reagents were purchased from TaKaRa. Triplicate recombinant DNA positive clones from each PEDV isolate were sequenced by Sangon Biotech, China.",
            "cite_spans": [],
            "ref_spans": [],
            "section": "Clinical samples detection"
        },
        {
            "text": "The complete S1 gene (2367 bp) was obtained through the sequence matching of S1U1 and S1U2 with flanking sequences removed. Sequences of S1 and ORF3 were processed by the Clustal W method through the DNA-MAN 8 software, and phylogenetic trees were constructed by the neighbor-joining method using MEGA 6 software. Bootstrap values were indicated for each node from 1000 replicates. In addition, 37 reference strains (Table 2) were chosen from Genbank for inclusion in the phylogenetic analysis.",
            "cite_spans": [],
            "ref_spans": [
                {
                    "start": 416,
                    "end": 425,
                    "text": "(Table 2)",
                    "ref_id": "TABREF1"
                }
            ],
            "section": "Multiple sequence alignments and phylogenetic analysis"
        },
        {
            "text": "PEDV were detected by PCR on 94.03% (63 of 67) pig farms in 17 cities, and 92.25% (119 of 129) of samples were positive for PEDV in clinical diseased samples.",
            "cite_spans": [],
            "ref_spans": [],
            "section": "PEDV detection"
        },
        {
            "text": "Phylogenetic analysis of the S1 gene",
            "cite_spans": [],
            "ref_spans": [],
            "section": "PEDV detection"
        },
        {
            "text": "According to the phylogenetic analysis of the S1 gene, 21 PEDV isolates in this study (Table 3 ) were all subtype G2 and were distributed in two subgroups: 2a circulating PEDV and 2b circulating PEDV (Fig. 1a) . Our isolates showed a close relationship to some isolates from China According to the predicted amino acid sequence of S1 genes in this study, we found one novel PEDV variant, CH/HNLY, that had 4-aa substitution at position 375, RSSS 375 T and a single deletion at position 430 (Fig. 2) . Correspondingly, at the nucleotide level, CH/HNLY had 9-nt (GGTCGTCGT) insertion between positions 1123 (A) and 1124 (T) and 3-nt (GAT) deletion between positions 1283 (C) and 1287 (G).",
            "cite_spans": [],
            "ref_spans": [
                {
                    "start": 86,
                    "end": 94,
                    "text": "(Table 3",
                    "ref_id": "TABREF2"
                },
                {
                    "start": 200,
                    "end": 209,
                    "text": "(Fig. 1a)",
                    "ref_id": null
                },
                {
                    "start": 490,
                    "end": 498,
                    "text": "(Fig. 2)",
                    "ref_id": "FIGREF1"
                }
            ],
            "section": "PEDV detection"
        },
        {
            "text": "We also examined the three major epitope regions, viz : aa 498-637, aa 747-754 and aa 763-770. The sequences at aa 747-754 were conserved between the latest Chinese PEDV isolates and CV777 attenuated strain, however the sequences at positions 498-637 and 763-770 were variable (Table 4 ).",
            "cite_spans": [],
            "ref_spans": [
                {
                    "start": 277,
                    "end": 285,
                    "text": "(Table 4",
                    "ref_id": "TABREF3"
                }
            ],
            "section": "PEDV detection"
        },
        {
            "text": "According to the analysis of the ORF3 genes, 21 PEDV isolates in this study (Table 3) were all subtype G2 and were distributed in subgroup G2b which showed similar Fig. 1 a Phylogenetic analysis of the S1 nucleotide sequences of 21 PEDV isolates, including the reference strains. b Phylogenetic analysis of the ORF3 nucleotide sequences of 21 PEDV isolates, including the reference strains. The trees were constructed by the neighbor-joining method in MEGA 6 software. Bootstrap values were indicated for each node from 1000 replicates. The names of the strains, years and places of isolation and GenBank accession numbers proposed are shown in Tables 2 and 3 . '\u2022' indicates the strains in this study to the phylogenetic trees based on the sequences of amino acid (see Additional file 2: Figure S2 ); in addition, our strains showed a close relationship to published isolates and genetically differed from the vaccine strains which were all subtype G1 (Fig. 1b) , indicating that the prevailing PEDV strains were mostly variants. According to the sequences of ORF3 genes processed by DNAMAN 8 software, our isolates exhibited 95.9-96.9% nucleotide identity and 93.8-96.4% amino acid identity compared with the CV777 strain. Meanwhile, our isolates exhibited 91.3-93.1% nucleotide identity and 84.6-89% amino acid identity compared with the CV777 attenuated strain.",
            "cite_spans": [],
            "ref_spans": [
                {
                    "start": 76,
                    "end": 85,
                    "text": "(Table 3)",
                    "ref_id": "TABREF2"
                },
                {
                    "start": 164,
                    "end": 170,
                    "text": "Fig. 1",
                    "ref_id": null
                },
                {
                    "start": 645,
                    "end": 659,
                    "text": "Tables 2 and 3",
                    "ref_id": "TABREF1"
                },
                {
                    "start": 789,
                    "end": 798,
                    "text": "Figure S2",
                    "ref_id": "FIGREF1"
                },
                {
                    "start": 953,
                    "end": 962,
                    "text": "(Fig. 1b)",
                    "ref_id": null
                }
            ],
            "section": "Phylogenetic analysis of the ORF3 gene"
        },
        {
            "text": "Previous studies found that 79.66% of pig farms in 29 provinces to be positive for the presence of PEDV, with 72.27% of samples confirmed as PEDV-positive [16] . In the present study, 94.03% (63 of 67) of pig farms in 17 cities, 92.25% (119 of 129) samples, were PEDV-positive, indicating a high prevalence of PEDV in clinical diseased samples.",
            "cite_spans": [
                {
                    "start": 155,
                    "end": 159,
                    "text": "[16]",
                    "ref_id": "BIBREF15"
                }
            ],
            "ref_spans": [],
            "section": "Discussion"
        },
        {
            "text": "The S gene might correlate with PEDV pathogenicity [4] . The S1 domain of the S protein is the major target for PEDV vaccine development [32] . Our previous report suggested that the amino acid changes in the S1 domain might be associated with a change in antigenicity [20] . Extensive variation of the S protein has been reported earlier [17, 33] . In this study, we found that in the three major epitope regions, the amino acid sequence at aa 748-755 was conserved, whereas aa 499-638 and aa 764-771 were variable. Accordingly, within the S1 domain of the S protein, the series of single amino acid substitutions found were: S 516 A , S 548 T , S 593 G , E 632 Q , S 763 L and S 765 D . These changes were found in the strain CH/ ZMDZY/11 that was previously isolated in central China [34] . However, as shown in Table 4 , there were other single aa mutations, suggesting that the gene encoding the antigenic domain of S1 may constantly vary. According to the phylogenetic analysis, our isolates were all subtype G2 (Fig. 1a) and mostly further divided into two subgroups, 2a circulating PEDV and 2b circulating PEDV. We have shown that the S1 domain of isolates differed genetically from the classical PEDV, but the isolates were similar to previously reported isolates from eastern, north western and southern China [35] [36] [37] , which might be the reason why the currently existing vaccine is inefficient.",
            "cite_spans": [
                {
                    "start": 51,
                    "end": 54,
                    "text": "[4]",
                    "ref_id": "BIBREF3"
                },
                {
                    "start": 137,
                    "end": 141,
                    "text": "[32]",
                    "ref_id": "BIBREF31"
                },
                {
                    "start": 269,
                    "end": 273,
                    "text": "[20]",
                    "ref_id": "BIBREF19"
                },
                {
                    "start": 339,
                    "end": 343,
                    "text": "[17,",
                    "ref_id": "BIBREF16"
                },
                {
                    "start": 344,
                    "end": 347,
                    "text": "33]",
                    "ref_id": "BIBREF32"
                },
                {
                    "start": 787,
                    "end": 791,
                    "text": "[34]",
                    "ref_id": "BIBREF33"
                },
                {
                    "start": 1320,
                    "end": 1324,
                    "text": "[35]",
                    "ref_id": "BIBREF34"
                },
                {
                    "start": 1325,
                    "end": 1329,
                    "text": "[36]",
                    "ref_id": "BIBREF35"
                },
                {
                    "start": 1330,
                    "end": 1334,
                    "text": "[37]",
                    "ref_id": "BIBREF36"
                }
            ],
            "ref_spans": [
                {
                    "start": 815,
                    "end": 822,
                    "text": "Table 4",
                    "ref_id": "TABREF3"
                },
                {
                    "start": 1018,
                    "end": 1027,
                    "text": "(Fig. 1a)",
                    "ref_id": null
                }
            ],
            "section": "Discussion"
        },
        {
            "text": "In this study, we detected one novel PEDV variant, CH/HNLY, with mutations at positions 375 and 430 ( RSSS 375 T and deletion at aa 430 D ), which are located on the receptor binding domain (aa 253-638) for pAPN [15, 38] . The phylogenetic analysis of nucleotide variation demonstrated that CH/HNLY was related to 2b circulating PEDV. It was reported that the classical PEDV exhibited weaker sugar-binding activity compared with the field isolate variant [39] . Reports have also found amino acid substitutions in the receptor-binding region [27] . Whether or not these changes affect the biological functions of PEDV will require further investigation. The ORF3 gene is highly relevant to the virulence of PEDV [23, 40] , since it regulates virus production [13] . The ORF3 genes of the PEDV isolates in this study and other isolates did not show the large deletion characteristic of the vaccine CV777 strain. According to the phylogenetic analysis of ORF3, the 21 PEDV isolates in this study were divided into subtype G2 (Fig. 1b) . The ORF3 gene analysis not only suggested that the isolates in central China were not only vaccine-unrelated, but the presence of multiple, distinct mutations indicated there is widespread diversity in this virulence gene. However, further studies are needed to clarify whether the virulence is change among these PEDV strains.",
            "cite_spans": [
                {
                    "start": 212,
                    "end": 216,
                    "text": "[15,",
                    "ref_id": "BIBREF14"
                },
                {
                    "start": 217,
                    "end": 220,
                    "text": "38]",
                    "ref_id": "BIBREF37"
                },
                {
                    "start": 455,
                    "end": 459,
                    "text": "[39]",
                    "ref_id": "BIBREF38"
                },
                {
                    "start": 542,
                    "end": 546,
                    "text": "[27]",
                    "ref_id": "BIBREF26"
                },
                {
                    "start": 712,
                    "end": 716,
                    "text": "[23,",
                    "ref_id": "BIBREF22"
                },
                {
                    "start": 717,
                    "end": 720,
                    "text": "40]",
                    "ref_id": "BIBREF39"
                },
                {
                    "start": 759,
                    "end": 763,
                    "text": "[13]",
                    "ref_id": "BIBREF12"
                }
            ],
            "ref_spans": [
                {
                    "start": 1023,
                    "end": 1032,
                    "text": "(Fig. 1b)",
                    "ref_id": null
                }
            ],
            "section": "Discussion"
        },
        {
            "text": "Phylogenetic analysis of both the S1 and ORF3 genes showed that our isolates exhibited high similarity to variant reference strains and differed from CV777. Phylogenetic analysis of ORF3 did not reveal differences between our isolates and partial classical PEDV strains which was similar to other report [27] . Further studies are required to clarify the biological functions among PEDV phylogenetic groups.",
            "cite_spans": [
                {
                    "start": 304,
                    "end": 308,
                    "text": "[27]",
                    "ref_id": "BIBREF26"
                }
            ],
            "ref_spans": [],
            "section": "Discussion"
        },
        {
            "text": "In conclusion, our study highlighted the present landscape of PEDV in central China, and the isolated strains in this study were all variable and genetically diverse. These findings make it clear that a new vaccine is required to control this disease. In addition, the discovery of a novel strain, CH/HNLY, provides an avenue for future investigations into the biological functions of PEDV.",
            "cite_spans": [],
            "ref_spans": [],
            "section": "Conclusions"
        },
        {
            "text": "Additional file 1: Figure S1 . Phylogenetic analysis of the S1 amino acid sequences of 21 PEDV isolates, including the reference strains. The trees were constructed by the neighbour-joining method in MEGA 6. Bootstrap values were indicated for each node from 1000 replicates. The names of the strains, years and places of isolation and GenBank accession numbers proposed are shown in Tables 2 and 3 . '\u2022' indicates the strains in this study. The phylogenetic analysis of CH/HNLY (with 4-aa insertion/ deletion (RSSS/T) at position 375 and 1-aa (D) deletion at position 430) was showed. (TIF 2238 kb) Additional file 2: Figure S2 . Phylogenetic analysis of the ORF3 amino acid sequences of 21 PEDV isolates, including the reference strains. The trees were constructed by the neighbour-joining method in MEGA 6. Bootstrap values were indicated for each node from 1000 replicates. The names of the strains, years and places of isolation and GenBank accession numbers proposed are shown in Tables 2 and 3 . '\u2022' indicates the strains in this study. (TIF 1880 kb)",
            "cite_spans": [],
            "ref_spans": [
                {
                    "start": 19,
                    "end": 28,
                    "text": "Figure S1",
                    "ref_id": null
                },
                {
                    "start": 384,
                    "end": 398,
                    "text": "Tables 2 and 3",
                    "ref_id": "TABREF1"
                },
                {
                    "start": 619,
                    "end": 628,
                    "text": "Figure S2",
                    "ref_id": "FIGREF1"
                },
                {
                    "start": 986,
                    "end": 1000,
                    "text": "Tables 2 and 3",
                    "ref_id": "TABREF1"
                }
            ],
            "section": "Additional files"
        }
    ],
    "bib_entries": {
        "BIBREF0": {
            "ref_id": "b0",
            "title": "A new coronavirus-like particle associated with diarrhea in swine",
            "authors": [
                {
                    "first": "M",
                    "middle": [
                        "B"
                    ],
                    "last": "Pensaert",
                    "suffix": ""
                },
                {
                    "first": "P",
                    "middle": [],
                    "last": "De Bouck",
                    "suffix": ""
                }
            ],
            "year": 1978,
            "venue": "Arch Virol",
            "volume": "58",
            "issn": "",
            "pages": "243--250",
            "other_ids": {}
        },
        "BIBREF1": {
            "ref_id": "b1",
            "title": "An outbreak of swine diarrhea of a new-type associated with coronavirus-like particles in Japan",
            "authors": [
                {
                    "first": "K",
                    "middle": [],
                    "last": "Takahashi",
                    "suffix": ""
                },
                {
                    "first": "K",
                    "middle": [],
                    "last": "Okada",
                    "suffix": ""
                },
                {
                    "first": "K",
                    "middle": [],
                    "last": "Ohshima",
                    "suffix": ""
                }
            ],
            "year": 1983,
            "venue": "J Vet Sci",
            "volume": "45",
            "issn": "",
            "pages": "829--861",
            "other_ids": {}
        },
        "BIBREF2": {
            "ref_id": "b2",
            "title": "Chinese-like strain of porcine epidemic diarrhea virus",
            "authors": [
                {
                    "first": "S",
                    "middle": [],
                    "last": "Puranaveja",
                    "suffix": ""
                },
                {
                    "first": "P",
                    "middle": [],
                    "last": "Poolperm",
                    "suffix": ""
                },
                {
                    "first": "P",
                    "middle": [],
                    "last": "Lertwatcharasarakul",
                    "suffix": ""
                },
                {
                    "first": "S",
                    "middle": [],
                    "last": "Kesdaengsakonwut",
                    "suffix": ""
                },
                {
                    "first": "A",
                    "middle": [],
                    "last": "Boonsoongnern",
                    "suffix": ""
                },
                {
                    "first": "K",
                    "middle": [],
                    "last": "Urairong",
                    "suffix": ""
                }
            ],
            "year": 2009,
            "venue": "Emerg Infect Dis",
            "volume": "15",
            "issn": "",
            "pages": "1112--1117",
            "other_ids": {}
        },
        "BIBREF3": {
            "ref_id": "b3",
            "title": "Epidemic of diarrhoea caused by porcine epidemic diarrhoea virus in Italy",
            "authors": [
                {
                    "first": "P",
                    "middle": [],
                    "last": "Martelli",
                    "suffix": ""
                },
                {
                    "first": "A",
                    "middle": [],
                    "last": "Lavazza",
                    "suffix": ""
                },
                {
                    "first": "A",
                    "middle": [
                        "D"
                    ],
                    "last": "Nigrelli",
                    "suffix": ""
                },
                {
                    "first": "G",
                    "middle": [],
                    "last": "Merialdi",
                    "suffix": ""
                },
                {
                    "first": "L",
                    "middle": [
                        "G"
                    ],
                    "last": "Alborali",
                    "suffix": ""
                }
            ],
            "year": 2008,
            "venue": "Vet Rec",
            "volume": "162",
            "issn": "",
            "pages": "307--317",
            "other_ids": {}
        },
        "BIBREF4": {
            "ref_id": "b4",
            "title": "Viral disease affects U.S. pigs: porcine epidemic diarrhea found in at least 11 states",
            "authors": [
                {
                    "first": "G",
                    "middle": [],
                    "last": "Cima",
                    "suffix": ""
                }
            ],
            "year": 2013,
            "venue": "J Am Vet Med Assoc",
            "volume": "243",
            "issn": "",
            "pages": "30--31",
            "other_ids": {}
        },
        "BIBREF5": {
            "ref_id": "b5",
            "title": "Outbreak of porcine epidemic diarrhea in suckling piglets",
            "authors": [
                {
                    "first": "R",
                    "middle": [
                        "Q"
                    ],
                    "last": "Sun",
                    "suffix": ""
                },
                {
                    "first": "R",
                    "middle": [
                        "J"
                    ],
                    "last": "Cai",
                    "suffix": ""
                },
                {
                    "first": "Y",
                    "middle": [
                        "Q"
                    ],
                    "last": "Chen",
                    "suffix": ""
                },
                {
                    "first": "P",
                    "middle": [
                        "S"
                    ],
                    "last": "Liang",
                    "suffix": ""
                },
                {
                    "first": "D",
                    "middle": [
                        "K"
                    ],
                    "last": "Chen",
                    "suffix": ""
                },
                {
                    "first": "C",
                    "middle": [
                        "X"
                    ],
                    "last": "Song",
                    "suffix": ""
                }
            ],
            "year": 2012,
            "venue": "China. Emerg Infect Dis",
            "volume": "18",
            "issn": "",
            "pages": "161--164",
            "other_ids": {}
        },
        "BIBREF6": {
            "ref_id": "b6",
            "title": "Further analysis of the genome of porcine epidemic diarrhoea virus",
            "authors": [
                {
                    "first": "A",
                    "middle": [],
                    "last": "Bridgen",
                    "suffix": ""
                },
                {
                    "first": "R",
                    "middle": [],
                    "last": "Kocherhans",
                    "suffix": ""
                },
                {
                    "first": "K",
                    "middle": [],
                    "last": "Tobler",
                    "suffix": ""
                },
                {
                    "first": "A",
                    "middle": [],
                    "last": "Carvajal",
                    "suffix": ""
                },
                {
                    "first": "M",
                    "middle": [],
                    "last": "Ackermann",
                    "suffix": ""
                }
            ],
            "year": 1998,
            "venue": "Adv Exp Med Biol",
            "volume": "440",
            "issn": "",
            "pages": "781--787",
            "other_ids": {}
        },
        "BIBREF7": {
            "ref_id": "b7",
            "title": "Completion of the Porcine Epidemic Diarrhoea Coronavirus (PEDV) genome sequence",
            "authors": [
                {
                    "first": "R",
                    "middle": [],
                    "last": "Kocherhans",
                    "suffix": ""
                },
                {
                    "first": "A",
                    "middle": [],
                    "last": "Bridgen",
                    "suffix": ""
                },
                {
                    "first": "M",
                    "middle": [],
                    "last": "Ackermann",
                    "suffix": ""
                },
                {
                    "first": "K",
                    "middle": [],
                    "last": "Tobler",
                    "suffix": ""
                }
            ],
            "year": 2001,
            "venue": "Virus Genes",
            "volume": "23",
            "issn": "",
            "pages": "137--181",
            "other_ids": {}
        },
        "BIBREF8": {
            "ref_id": "b8",
            "title": "Sequence analysis of the porcine epidemic diarrhea virus genome between the nucleocapsid and spike protein genes reveals a polymorphic ORF",
            "authors": [
                {
                    "first": "M",
                    "middle": [],
                    "last": "Duarte",
                    "suffix": ""
                },
                {
                    "first": "K",
                    "middle": [],
                    "last": "Tobler",
                    "suffix": ""
                },
                {
                    "first": "A",
                    "middle": [],
                    "last": "Bridgen",
                    "suffix": ""
                },
                {
                    "first": "D",
                    "middle": [],
                    "last": "Rasschaert",
                    "suffix": ""
                },
                {
                    "first": "M",
                    "middle": [],
                    "last": "Ackermann",
                    "suffix": ""
                },
                {
                    "first": "H",
                    "middle": [],
                    "last": "Laude",
                    "suffix": ""
                }
            ],
            "year": 1994,
            "venue": "Virology",
            "volume": "198",
            "issn": "",
            "pages": "466--76",
            "other_ids": {}
        },
        "BIBREF9": {
            "ref_id": "b9",
            "title": "Coronavirus pseudoparticles formed with recombinant M and E proteins induce alpha interferon synthesis by leukocytes",
            "authors": [
                {
                    "first": "P",
                    "middle": [],
                    "last": "Baudoux",
                    "suffix": ""
                },
                {
                    "first": "C",
                    "middle": [],
                    "last": "Carrat",
                    "suffix": ""
                },
                {
                    "first": "L",
                    "middle": [],
                    "last": "Besnardeau",
                    "suffix": ""
                },
                {
                    "first": "B",
                    "middle": [],
                    "last": "Charley",
                    "suffix": ""
                },
                {
                    "first": "H",
                    "middle": [],
                    "last": "Laude",
                    "suffix": ""
                }
            ],
            "year": 1998,
            "venue": "J Virol",
            "volume": "72",
            "issn": "",
            "pages": "8636--8679",
            "other_ids": {}
        },
        "BIBREF10": {
            "ref_id": "b10",
            "title": "Role of nucleotides immediately flanking the transcription-regulating sequence core in coronavirus subgenomic mRNA synthesis",
            "authors": [
                {
                    "first": "K",
                    "middle": [
                        "M"
                    ],
                    "last": "Curtis",
                    "suffix": ""
                },
                {
                    "first": "B",
                    "middle": [],
                    "last": "Yount",
                    "suffix": ""
                },
                {
                    "first": "R",
                    "middle": [
                        "S"
                    ],
                    "last": "Baric",
                    "suffix": ""
                }
            ],
            "year": 2002,
            "venue": "J Virol",
            "volume": "76",
            "issn": "",
            "pages": "1422--1456",
            "other_ids": {}
        },
        "BIBREF11": {
            "ref_id": "b11",
            "title": "Coronavirus genome structure and replication",
            "authors": [
                {
                    "first": "D",
                    "middle": [
                        "A"
                    ],
                    "last": "Brian",
                    "suffix": ""
                },
                {
                    "first": "R",
                    "middle": [
                        "S"
                    ],
                    "last": "Baric",
                    "suffix": ""
                }
            ],
            "year": 2005,
            "venue": "Curr Top Microbiol Immunol",
            "volume": "287",
            "issn": "",
            "pages": "1--30",
            "other_ids": {}
        },
        "BIBREF12": {
            "ref_id": "b12",
            "title": "PEDV ORF3 encodes an ion channel protein and regulates virus production",
            "authors": [
                {
                    "first": "K",
                    "middle": [],
                    "last": "Wang",
                    "suffix": ""
                },
                {
                    "first": "W",
                    "middle": [],
                    "last": "Lu",
                    "suffix": ""
                },
                {
                    "first": "J",
                    "middle": [],
                    "last": "Chen",
                    "suffix": ""
                },
                {
                    "first": "S",
                    "middle": [],
                    "last": "Xie",
                    "suffix": ""
                },
                {
                    "first": "H",
                    "middle": [],
                    "last": "Shi",
                    "suffix": ""
                },
                {
                    "first": "H",
                    "middle": [],
                    "last": "Hsu",
                    "suffix": ""
                }
            ],
            "year": 2012,
            "venue": "FEBS Lett",
            "volume": "586",
            "issn": "",
            "pages": "384--91",
            "other_ids": {}
        },
        "BIBREF13": {
            "ref_id": "b13",
            "title": "Receptor recognition mechanisms of coronaviruses: a decade of structural studies",
            "authors": [
                {
                    "first": "F",
                    "middle": [],
                    "last": "Li",
                    "suffix": ""
                }
            ],
            "year": 2015,
            "venue": "J Virol",
            "volume": "89",
            "issn": "",
            "pages": "1954--64",
            "other_ids": {}
        },
        "BIBREF14": {
            "ref_id": "b14",
            "title": "Identification and comparison of receptor binding haracteristics of the spike protein of two porcine pidemic diarrheavirus strains",
            "authors": [
                {
                    "first": "F",
                    "middle": [],
                    "last": "Deng",
                    "suffix": ""
                },
                {
                    "first": "G",
                    "middle": [],
                    "last": "Ye",
                    "suffix": ""
                },
                {
                    "first": "Q",
                    "middle": [],
                    "last": "Liu",
                    "suffix": ""
                },
                {
                    "first": "M",
                    "middle": [
                        "T"
                    ],
                    "last": "Navid",
                    "suffix": ""
                },
                {
                    "first": "X",
                    "middle": [],
                    "last": "Zhong",
                    "suffix": ""
                },
                {
                    "first": "Y",
                    "middle": [],
                    "last": "Li",
                    "suffix": ""
                }
            ],
            "year": 2016,
            "venue": "Viruses",
            "volume": "",
            "issn": "",
            "pages": "",
            "other_ids": {
                "DOI": [
                    "10.3390/v8030055"
                ]
            }
        },
        "BIBREF15": {
            "ref_id": "b15",
            "title": "Detection and molecular diversity of spike gene of porcine epidemic diarrhea virus in China",
            "authors": [
                {
                    "first": "J",
                    "middle": [],
                    "last": "Chen",
                    "suffix": ""
                },
                {
                    "first": "X",
                    "middle": [],
                    "last": "Liu",
                    "suffix": ""
                },
                {
                    "first": "D",
                    "middle": [],
                    "last": "Shi",
                    "suffix": ""
                },
                {
                    "first": "H",
                    "middle": [],
                    "last": "Shi",
                    "suffix": ""
                },
                {
                    "first": "X",
                    "middle": [],
                    "last": "Zhang",
                    "suffix": ""
                },
                {
                    "first": "C",
                    "middle": [],
                    "last": "Li",
                    "suffix": ""
                }
            ],
            "year": 2013,
            "venue": "Viruses",
            "volume": "5",
            "issn": "",
            "pages": "2601--2614",
            "other_ids": {}
        },
        "BIBREF16": {
            "ref_id": "b16",
            "title": "Molecular characterization of pig epidemic diarrhoea viruses isolated in Japan from",
            "authors": [
                {
                    "first": "T",
                    "middle": [],
                    "last": "Suzuki",
                    "suffix": ""
                },
                {
                    "first": "S",
                    "middle": [],
                    "last": "Murakami",
                    "suffix": ""
                },
                {
                    "first": "O",
                    "middle": [],
                    "last": "Takahashi",
                    "suffix": ""
                },
                {
                    "first": "A",
                    "middle": [],
                    "last": "Kodera",
                    "suffix": ""
                },
                {
                    "first": "T",
                    "middle": [],
                    "last": "Masuda",
                    "suffix": ""
                },
                {
                    "first": "S",
                    "middle": [],
                    "last": "Itoh",
                    "suffix": ""
                }
            ],
            "year": 2013,
            "venue": "Infect Genet Evol",
            "volume": "36",
            "issn": "",
            "pages": "363--371",
            "other_ids": {}
        },
        "BIBREF17": {
            "ref_id": "b17",
            "title": "Identification of the epitope region capable of inducing neutralizing antibodies against the porcine epidemic diarrhea virus",
            "authors": [
                {
                    "first": "S",
                    "middle": [
                        "H"
                    ],
                    "last": "Chang",
                    "suffix": ""
                },
                {
                    "first": "J",
                    "middle": [
                        "L"
                    ],
                    "last": "Bae",
                    "suffix": ""
                },
                {
                    "first": "T",
                    "middle": [
                        "J"
                    ],
                    "last": "Kang",
                    "suffix": ""
                },
                {
                    "first": "J",
                    "middle": [],
                    "last": "Kim",
                    "suffix": ""
                },
                {
                    "first": "G",
                    "middle": [
                        "H"
                    ],
                    "last": "Chung",
                    "suffix": ""
                },
                {
                    "first": "C",
                    "middle": [
                        "W"
                    ],
                    "last": "Lim",
                    "suffix": ""
                }
            ],
            "year": 2002,
            "venue": "Mol Cells",
            "volume": "14",
            "issn": "",
            "pages": "295--304",
            "other_ids": {}
        },
        "BIBREF18": {
            "ref_id": "b18",
            "title": "Identification of two novel B cell epitopes on porcine epidemic diarrhea virus spike protein",
            "authors": [
                {
                    "first": "D",
                    "middle": [],
                    "last": "Sun",
                    "suffix": ""
                },
                {
                    "first": "L",
                    "middle": [],
                    "last": "Feng",
                    "suffix": ""
                },
                {
                    "first": "H",
                    "middle": [],
                    "last": "Shi",
                    "suffix": ""
                },
                {
                    "first": "J",
                    "middle": [],
                    "last": "Chen",
                    "suffix": ""
                },
                {
                    "first": "X",
                    "middle": [],
                    "last": "Cui",
                    "suffix": ""
                },
                {
                    "first": "H",
                    "middle": [],
                    "last": "Chen",
                    "suffix": ""
                }
            ],
            "year": 2008,
            "venue": "Vet Microbiol",
            "volume": "131",
            "issn": "",
            "pages": "73--81",
            "other_ids": {}
        },
        "BIBREF19": {
            "ref_id": "b19",
            "title": "Phylogenetic analysis of porcine epidemic diarrhea virus (PEDV) field strains in central China based on the ORF3 gene and the main neutralization epitopes",
            "authors": [
                {
                    "first": "R",
                    "middle": [],
                    "last": "Li",
                    "suffix": ""
                },
                {
                    "first": "S",
                    "middle": [],
                    "last": "Qiao",
                    "suffix": ""
                },
                {
                    "first": "Y",
                    "middle": [],
                    "last": "Yang",
                    "suffix": ""
                },
                {
                    "first": "Y",
                    "middle": [],
                    "last": "Su",
                    "suffix": ""
                },
                {
                    "first": "P",
                    "middle": [],
                    "last": "Zhao",
                    "suffix": ""
                },
                {
                    "first": "E",
                    "middle": [],
                    "last": "Zhou",
                    "suffix": ""
                }
            ],
            "year": 2013,
            "venue": "Arch Virol",
            "volume": "159",
            "issn": "",
            "pages": "1057--65",
            "other_ids": {}
        },
        "BIBREF20": {
            "ref_id": "b20",
            "title": "Molecular characterization and phylogenetic analysis of porcine epidemic diarrhea viruses associated with outbreaks of severe diarrhea in piglets in Jiangxi",
            "authors": [
                {
                    "first": "D",
                    "middle": [],
                    "last": "Song",
                    "suffix": ""
                },
                {
                    "first": "D",
                    "middle": [],
                    "last": "Huang",
                    "suffix": ""
                },
                {
                    "first": "Q",
                    "middle": [],
                    "last": "Peng",
                    "suffix": ""
                },
                {
                    "first": "T",
                    "middle": [],
                    "last": "Huang",
                    "suffix": ""
                },
                {
                    "first": "Y",
                    "middle": [],
                    "last": "Chen",
                    "suffix": ""
                },
                {
                    "first": "T",
                    "middle": [],
                    "last": "Zhang",
                    "suffix": ""
                }
            ],
            "year": 2013,
            "venue": "PLoS One",
            "volume": "10",
            "issn": "",
            "pages": "",
            "other_ids": {}
        },
        "BIBREF21": {
            "ref_id": "b21",
            "title": "Immunogenicity and antigenic relationships among spike proteins of porcine epidemic diarrhea virus subtypes G1 and G2",
            "authors": [
                {
                    "first": "X",
                    "middle": [],
                    "last": "Wang",
                    "suffix": ""
                },
                {
                    "first": "J",
                    "middle": [],
                    "last": "Chen",
                    "suffix": ""
                },
                {
                    "first": "D",
                    "middle": [],
                    "last": "Shi",
                    "suffix": ""
                },
                {
                    "first": "H",
                    "middle": [],
                    "last": "Shi",
                    "suffix": ""
                },
                {
                    "first": "X",
                    "middle": [],
                    "last": "Zhang",
                    "suffix": ""
                },
                {
                    "first": "J",
                    "middle": [],
                    "last": "Yuan",
                    "suffix": ""
                }
            ],
            "year": 2016,
            "venue": "Arch Virol",
            "volume": "161",
            "issn": "",
            "pages": "537--584",
            "other_ids": {}
        },
        "BIBREF22": {
            "ref_id": "b22",
            "title": "Cloning and further sequence analysis of the spike gene of attenuated porcine epidemic diarrhea virus DR13",
            "authors": [
                {
                    "first": "S",
                    "middle": [
                        "J"
                    ],
                    "last": "Park",
                    "suffix": ""
                },
                {
                    "first": "D",
                    "middle": [
                        "S"
                    ],
                    "last": "Song",
                    "suffix": ""
                },
                {
                    "first": "G",
                    "middle": [
                        "W"
                    ],
                    "last": "Ha",
                    "suffix": ""
                },
                {
                    "first": "B",
                    "middle": [
                        "K"
                    ],
                    "last": "Park",
                    "suffix": ""
                }
            ],
            "year": 2007,
            "venue": "Virus Genes",
            "volume": "35",
            "issn": "",
            "pages": "55--64",
            "other_ids": {}
        },
        "BIBREF23": {
            "ref_id": "b23",
            "title": "Cloning and further sequence analysis of the ORF3 gene of wild-and attenuated-type porcine epidemic diarrhea viruses",
            "authors": [
                {
                    "first": "S",
                    "middle": [
                        "J"
                    ],
                    "last": "Park",
                    "suffix": ""
                },
                {
                    "first": "H",
                    "middle": [
                        "J"
                    ],
                    "last": "Moon",
                    "suffix": ""
                },
                {
                    "first": "Y",
                    "middle": [],
                    "last": "Luo",
                    "suffix": ""
                },
                {
                    "first": "H",
                    "middle": [
                        "K"
                    ],
                    "last": "Kim",
                    "suffix": ""
                },
                {
                    "first": "E",
                    "middle": [
                        "M"
                    ],
                    "last": "Kim",
                    "suffix": ""
                },
                {
                    "first": "J",
                    "middle": [
                        "S"
                    ],
                    "last": "Yang",
                    "suffix": ""
                }
            ],
            "year": 2008,
            "venue": "Virus Genes",
            "volume": "36",
            "issn": "",
            "pages": "95--104",
            "other_ids": {}
        },
        "BIBREF24": {
            "ref_id": "b24",
            "title": "Genetic diversity of ORF3 and spike genes of porcine epidemic diarrhea virus in Thailand",
            "authors": [
                {
                    "first": "G",
                    "middle": [],
                    "last": "Temeeyasen",
                    "suffix": ""
                },
                {
                    "first": "A",
                    "middle": [],
                    "last": "Srijangwad",
                    "suffix": ""
                },
                {
                    "first": "T",
                    "middle": [],
                    "last": "Tripipat",
                    "suffix": ""
                },
                {
                    "first": "P",
                    "middle": [],
                    "last": "Tipsombatboon",
                    "suffix": ""
                },
                {
                    "first": "J",
                    "middle": [],
                    "last": "Piriyapongsa",
                    "suffix": ""
                },
                {
                    "first": "W",
                    "middle": [],
                    "last": "Phoolcharoen",
                    "suffix": ""
                }
            ],
            "year": 2014,
            "venue": "Infect Genet Evol",
            "volume": "21",
            "issn": "",
            "pages": "205--218",
            "other_ids": {}
        },
        "BIBREF25": {
            "ref_id": "b25",
            "title": "Origin, evolution, and genotyping of emergent porcine epidemic diarrhea virus strains in the United States",
            "authors": [
                {
                    "first": "Y",
                    "middle": [
                        "W"
                    ],
                    "last": "Huang",
                    "suffix": ""
                },
                {
                    "first": "A",
                    "middle": [
                        "W"
                    ],
                    "last": "Dickerman",
                    "suffix": ""
                },
                {
                    "first": "P",
                    "middle": [],
                    "last": "Pi\u00f1eyro",
                    "suffix": ""
                },
                {
                    "first": "L",
                    "middle": [],
                    "last": "Li",
                    "suffix": ""
                },
                {
                    "first": "L",
                    "middle": [],
                    "last": "Fang",
                    "suffix": ""
                },
                {
                    "first": "R",
                    "middle": [],
                    "last": "Kiehne",
                    "suffix": ""
                }
            ],
            "year": 2013,
            "venue": "MBio",
            "volume": "4",
            "issn": "",
            "pages": "737--750",
            "other_ids": {}
        },
        "BIBREF26": {
            "ref_id": "b26",
            "title": "Molecular characterization of the ORF3 and S1 Genes of porcine epidemic diarrhea virus non S-INDEL strains in seven regions of China",
            "authors": [
                {
                    "first": "E",
                    "middle": [],
                    "last": "Wang",
                    "suffix": ""
                },
                {
                    "first": "D",
                    "middle": [],
                    "last": "Guo",
                    "suffix": ""
                },
                {
                    "first": "C",
                    "middle": [],
                    "last": "Li",
                    "suffix": ""
                },
                {
                    "first": "S",
                    "middle": [],
                    "last": "Wei",
                    "suffix": ""
                },
                {
                    "first": "Z",
                    "middle": [],
                    "last": "Wang",
                    "suffix": ""
                },
                {
                    "first": "Q",
                    "middle": [],
                    "last": "Liu",
                    "suffix": ""
                },
                {
                    "first": "B",
                    "middle": [],
                    "last": "Zhang",
                    "suffix": ""
                },
                {
                    "first": "F",
                    "middle": [],
                    "last": "Kong",
                    "suffix": ""
                },
                {
                    "first": "L",
                    "middle": [],
                    "last": "Feng",
                    "suffix": ""
                },
                {
                    "first": "D",
                    "middle": [],
                    "last": "Sun",
                    "suffix": ""
                }
            ],
            "year": 2015,
            "venue": "PLoS One",
            "volume": "11",
            "issn": "",
            "pages": "",
            "other_ids": {
                "DOI": [
                    "10.1371/journal.pone.0160561"
                ]
            }
        },
        "BIBREF27": {
            "ref_id": "b27",
            "title": "Differential detection of transmissible gastroenteritis virus and porcine epidemic diarrhea virus by duplex RT-PCR",
            "authors": [
                {
                    "first": "S",
                    "middle": [
                        "Y"
                    ],
                    "last": "Kim",
                    "suffix": ""
                },
                {
                    "first": "D",
                    "middle": [
                        "S"
                    ],
                    "last": "Song",
                    "suffix": ""
                },
                {
                    "first": "B",
                    "middle": [
                        "K"
                    ],
                    "last": "Park",
                    "suffix": ""
                }
            ],
            "year": 2001,
            "venue": "J Vet Diagn Invest",
            "volume": "13",
            "issn": "",
            "pages": "516--536",
            "other_ids": {}
        },
        "BIBREF28": {
            "ref_id": "b28",
            "title": "Effect of temperature on the detection of porcine epidemic diarrhea virus and transmissible gastroenteritis virus in fecal samples by reverse transcription-polymerase chain reaction",
            "authors": [
                {
                    "first": "K",
                    "middle": [],
                    "last": "Jung",
                    "suffix": ""
                },
                {
                    "first": "C",
                    "middle": [],
                    "last": "Chae",
                    "suffix": ""
                }
            ],
            "year": 2004,
            "venue": "J Vet Diagn Invest",
            "volume": "16",
            "issn": "",
            "pages": "237--246",
            "other_ids": {}
        },
        "BIBREF29": {
            "ref_id": "b29",
            "title": "Multiplex reverse transcription-PCR for rapid differential detection of porcine epidemic diarrhea virus, transmissible gastroenteritis virus, and porcine group A rotavirus",
            "authors": [
                {
                    "first": "D",
                    "middle": [
                        "S"
                    ],
                    "last": "Song",
                    "suffix": ""
                },
                {
                    "first": "B",
                    "middle": [
                        "K"
                    ],
                    "last": "Kang",
                    "suffix": ""
                },
                {
                    "first": "J",
                    "middle": [
                        "S"
                    ],
                    "last": "Oh",
                    "suffix": ""
                },
                {
                    "first": "G",
                    "middle": [
                        "W"
                    ],
                    "last": "Ha",
                    "suffix": ""
                },
                {
                    "first": "J",
                    "middle": [
                        "S"
                    ],
                    "last": "Yang",
                    "suffix": ""
                },
                {
                    "first": "H",
                    "middle": [
                        "J"
                    ],
                    "last": "Moon",
                    "suffix": ""
                }
            ],
            "year": 2006,
            "venue": "J Vet Diagn Invest",
            "volume": "18",
            "issn": "",
            "pages": "278--81",
            "other_ids": {}
        },
        "BIBREF30": {
            "ref_id": "b30",
            "title": "Differentiation of a Vero cell adapted porcine epidemic diarrhea virus from Korean field strains by restriction fragment length polymorphism analysis of ORF3",
            "authors": [
                {
                    "first": "D",
                    "middle": [
                        "S"
                    ],
                    "last": "Song",
                    "suffix": ""
                },
                {
                    "first": "J",
                    "middle": [
                        "S"
                    ],
                    "last": "Yang",
                    "suffix": ""
                },
                {
                    "first": "J",
                    "middle": [
                        "S"
                    ],
                    "last": "Oh",
                    "suffix": ""
                },
                {
                    "first": "J",
                    "middle": [
                        "H"
                    ],
                    "last": "Han",
                    "suffix": ""
                },
                {
                    "first": "B",
                    "middle": [
                        "K"
                    ],
                    "last": "Park",
                    "suffix": ""
                }
            ],
            "year": 2003,
            "venue": "Vaccine",
            "volume": "21",
            "issn": "",
            "pages": "1833--1875",
            "other_ids": {}
        },
        "BIBREF31": {
            "ref_id": "b31",
            "title": "Immunogenicity and protective efficacy of recombinant S1 domain of the porcine epidemic diarrhea virus spike protein",
            "authors": [
                {
                    "first": "J",
                    "middle": [],
                    "last": "Oh",
                    "suffix": ""
                },
                {
                    "first": "K",
                    "middle": [
                        "W"
                    ],
                    "last": "Lee",
                    "suffix": ""
                },
                {
                    "first": "H",
                    "middle": [
                        "W"
                    ],
                    "last": "Choi",
                    "suffix": ""
                },
                {
                    "first": "C",
                    "middle": [],
                    "last": "Lee",
                    "suffix": ""
                }
            ],
            "year": 2014,
            "venue": "Arch Virol",
            "volume": "159",
            "issn": "",
            "pages": "2977--87",
            "other_ids": {}
        },
        "BIBREF32": {
            "ref_id": "b32",
            "title": "Cell culture isolation and sequence analysis of genetically diverse US porcine epidemic diarrhea virus strains including a novel strain with a large deletion in the spike gene",
            "authors": [
                {
                    "first": "T",
                    "middle": [],
                    "last": "Oka",
                    "suffix": ""
                },
                {
                    "first": "L",
                    "middle": [
                        "J"
                    ],
                    "last": "Saif",
                    "suffix": ""
                },
                {
                    "first": "D",
                    "middle": [],
                    "last": "Marthaler",
                    "suffix": ""
                },
                {
                    "first": "M",
                    "middle": [
                        "A"
                    ],
                    "last": "Esseili",
                    "suffix": ""
                },
                {
                    "first": "T",
                    "middle": [],
                    "last": "Meulia",
                    "suffix": ""
                },
                {
                    "first": "C",
                    "middle": [
                        "M"
                    ],
                    "last": "Lin",
                    "suffix": ""
                }
            ],
            "year": 2014,
            "venue": "Vet Microbiol",
            "volume": "173",
            "issn": "",
            "pages": "258--69",
            "other_ids": {}
        },
        "BIBREF33": {
            "ref_id": "b33",
            "title": "Genetic properties of endemic Chinese porcine epidemic diarrhea virus strains isolated since 2010",
            "authors": [
                {
                    "first": "X",
                    "middle": [
                        "M"
                    ],
                    "last": "Wang",
                    "suffix": ""
                },
                {
                    "first": "B",
                    "middle": [
                        "B"
                    ],
                    "last": "Niu",
                    "suffix": ""
                },
                {
                    "first": "H",
                    "middle": [],
                    "last": "Yan",
                    "suffix": ""
                },
                {
                    "first": "D",
                    "middle": [
                        "S"
                    ],
                    "last": "Gao",
                    "suffix": ""
                },
                {
                    "first": "X",
                    "middle": [],
                    "last": "Yang",
                    "suffix": ""
                },
                {
                    "first": "L",
                    "middle": [],
                    "last": "Chen",
                    "suffix": ""
                }
            ],
            "year": 2013,
            "venue": "Arch Virol",
            "volume": "158",
            "issn": "",
            "pages": "2487--94",
            "other_ids": {}
        },
        "BIBREF34": {
            "ref_id": "b34",
            "title": "Molecular characterization and phylogenetic analysis of porcine epidemic diarrhea virus (PEDV) samples from field cases in Fujian",
            "authors": [
                {
                    "first": "X",
                    "middle": [],
                    "last": "Chen",
                    "suffix": ""
                },
                {
                    "first": "J",
                    "middle": [],
                    "last": "Yang",
                    "suffix": ""
                },
                {
                    "first": "F",
                    "middle": [],
                    "last": "Yu",
                    "suffix": ""
                },
                {
                    "first": "J",
                    "middle": [],
                    "last": "Ge",
                    "suffix": ""
                },
                {
                    "first": "T",
                    "middle": [],
                    "last": "Lin",
                    "suffix": ""
                },
                {
                    "first": "T",
                    "middle": [],
                    "last": "Song",
                    "suffix": ""
                }
            ],
            "year": 2012,
            "venue": "China. Virus Genes",
            "volume": "45",
            "issn": "",
            "pages": "499--507",
            "other_ids": {}
        },
        "BIBREF35": {
            "ref_id": "b35",
            "title": "Molecular characterization and phylogenetic analysis of new variants of the porcine epidemic diarrhea virus in Gansu",
            "authors": [
                {
                    "first": "Y",
                    "middle": [],
                    "last": "Tian",
                    "suffix": ""
                },
                {
                    "first": "Z",
                    "middle": [],
                    "last": "Yu",
                    "suffix": ""
                },
                {
                    "first": "K",
                    "middle": [],
                    "last": "Cheng",
                    "suffix": ""
                },
                {
                    "first": "Y",
                    "middle": [],
                    "last": "Liu",
                    "suffix": ""
                },
                {
                    "first": "J",
                    "middle": [],
                    "last": "Huang",
                    "suffix": ""
                },
                {
                    "first": "Y",
                    "middle": [],
                    "last": "Xin",
                    "suffix": ""
                }
            ],
            "year": 2012,
            "venue": "Viruses",
            "volume": "5",
            "issn": "",
            "pages": "1991--2004",
            "other_ids": {}
        },
        "BIBREF36": {
            "ref_id": "b36",
            "title": "Molecular characterization and phylogenetic analysis of porcine epidemic diarrhea virus (PEDV) field strains in south China",
            "authors": [
                {
                    "first": "Z",
                    "middle": [
                        "L"
                    ],
                    "last": "Li",
                    "suffix": ""
                },
                {
                    "first": "L",
                    "middle": [],
                    "last": "Zhu",
                    "suffix": ""
                },
                {
                    "first": "J",
                    "middle": [
                        "Y"
                    ],
                    "last": "Ma",
                    "suffix": ""
                },
                {
                    "first": "Q",
                    "middle": [
                        "F"
                    ],
                    "last": "Zhou",
                    "suffix": ""
                },
                {
                    "first": "Y",
                    "middle": [
                        "H"
                    ],
                    "last": "Song",
                    "suffix": ""
                },
                {
                    "first": "B",
                    "middle": [
                        "L"
                    ],
                    "last": "Sun",
                    "suffix": ""
                }
            ],
            "year": 2012,
            "venue": "Virus Genes",
            "volume": "45",
            "issn": "",
            "pages": "181--186",
            "other_ids": {}
        },
        "BIBREF37": {
            "ref_id": "b37",
            "title": "Receptor usage and cell entry of porcine epidemic diarrhea coronavirus",
            "authors": [
                {
                    "first": "C",
                    "middle": [],
                    "last": "Liu",
                    "suffix": ""
                },
                {
                    "first": "J",
                    "middle": [],
                    "last": "Tang",
                    "suffix": ""
                },
                {
                    "first": "Y",
                    "middle": [],
                    "last": "Ma",
                    "suffix": ""
                },
                {
                    "first": "X",
                    "middle": [],
                    "last": "Liang",
                    "suffix": ""
                },
                {
                    "first": "Y",
                    "middle": [],
                    "last": "Yang",
                    "suffix": ""
                },
                {
                    "first": "G",
                    "middle": [],
                    "last": "Peng",
                    "suffix": ""
                }
            ],
            "year": 2015,
            "venue": "J Virol",
            "volume": "89",
            "issn": "",
            "pages": "6121--6126",
            "other_ids": {}
        },
        "BIBREF38": {
            "ref_id": "b38",
            "title": "Identification and comparison of receptor binding characteristics of the spike protein of two porcine epidemic diarrhea virus strains",
            "authors": [
                {
                    "first": "F",
                    "middle": [],
                    "last": "Deng",
                    "suffix": ""
                },
                {
                    "first": "G",
                    "middle": [],
                    "last": "Ye",
                    "suffix": ""
                },
                {
                    "first": "Q",
                    "middle": [],
                    "last": "Liu",
                    "suffix": ""
                },
                {
                    "first": "M",
                    "middle": [
                        "T"
                    ],
                    "last": "Navid",
                    "suffix": ""
                },
                {
                    "first": "X",
                    "middle": [],
                    "last": "Zhong",
                    "suffix": ""
                },
                {
                    "first": "Y",
                    "middle": [],
                    "last": "Li",
                    "suffix": ""
                },
                {
                    "first": "C",
                    "middle": [],
                    "last": "Wan",
                    "suffix": ""
                },
                {
                    "first": "Xiao",
                    "middle": [
                        "S"
                    ],
                    "last": "He",
                    "suffix": ""
                },
                {
                    "first": "Q",
                    "middle": [],
                    "last": "Fu",
                    "suffix": ""
                },
                {
                    "first": "Z",
                    "middle": [
                        "F"
                    ],
                    "last": "Peng",
                    "suffix": ""
                },
                {
                    "first": "G",
                    "middle": [],
                    "last": "",
                    "suffix": ""
                }
            ],
            "year": 2016,
            "venue": "Viruses",
            "volume": "8",
            "issn": "",
            "pages": "",
            "other_ids": {
                "DOI": [
                    "10.3390/v8030055"
                ]
            }
        },
        "BIBREF39": {
            "ref_id": "b39",
            "title": "Sequence heterogeneity of the ORF3 gene of porcine epidemic diarrhea viruses field samples in Fujian",
            "authors": [
                {
                    "first": "X",
                    "middle": [],
                    "last": "Chen",
                    "suffix": ""
                },
                {
                    "first": "L",
                    "middle": [],
                    "last": "Zeng",
                    "suffix": ""
                },
                {
                    "first": "J",
                    "middle": [],
                    "last": "Yang",
                    "suffix": ""
                },
                {
                    "first": "F",
                    "middle": [],
                    "last": "Yu",
                    "suffix": ""
                },
                {
                    "first": "J",
                    "middle": [],
                    "last": "Ge",
                    "suffix": ""
                },
                {
                    "first": "Q",
                    "middle": [],
                    "last": "Guo",
                    "suffix": ""
                }
            ],
            "year": 2010,
            "venue": "Viruses",
            "volume": "5",
            "issn": "",
            "pages": "2375--83",
            "other_ids": {}
        }
    },
    "ref_entries": {
        "FIGREF0": {
            "text": "(CH/ZMDZY/11, HN1303, AJ1102, et al.), Korea (AD01) and American (MN, IA1, IA2, 13-019349); however, our isolates differed from isolates collected previously from China (LZC, CH/HNZZ/2011, and SD-M), Korea (SM98), Japan (83-P5 and MK) and the vaccine strain CV777attenuated (used in China) and DR13 (used in Korea) which showed similar to the phylogenetic trees based on the sequences of amino acid (see Additional file 1: Figure",
            "latex": null,
            "type": "figure"
        },
        "FIGREF1": {
            "text": "CV777/attenuated as the reference strain and the amino acid sequence of CH/HNLY, with 4-aa insertion/deletion (RSSS/T) at position 375 and 1-aa (D) deletion at position 430 (CV777 attenuated strain accession number: KT323979.1) are indicated",
            "latex": null,
            "type": "figure"
        },
        "TABREF0": {
            "text": "Primers used in this study",
            "latex": null,
            "type": "table"
        },
        "TABREF1": {
            "text": "Reference strains used in this study",
            "latex": null,
            "type": "table"
        },
        "TABREF2": {
            "text": "The PEDV field strains used in this study",
            "latex": null,
            "type": "table"
        },
        "TABREF3": {
            "text": "Analysis of amino acid mutations in epitopes domains of field strains and the CV777 attenuated vaccine strain (",
            "latex": null,
            "type": "table"
        }
    },
    "back_matter": [
        {
            "text": "The authors would like to thank professor Gregson, London University, for revising the paper and thank Guangxu Xing, for processing data and revising the manuscript.",
            "cite_spans": [],
            "ref_spans": [],
            "section": "Acknowledgments"
        },
        {
            "text": "The work was supported by grants from National Key R&D Program (2016YFD0500704), Major Program of Science and Technology in Henan (No.141100110100) and Program of Henan finance (No.201678-24).",
            "cite_spans": [],
            "ref_spans": [],
            "section": "Funding"
        },
        {
            "text": "Authors' contributions YSu, YL, and YC designed experiments; YSu, BZ, PJ, DJ, CL, YSong, GW, and DL carried out experiments; YSu, YL and GX analyzed experimental results and analyzed sequencing data; YSu, YL, RD, and GZ wrote the manuscript. All authors read and approved the final manuscript.",
            "cite_spans": [],
            "ref_spans": [],
            "section": "annex"
        },
        {
            "text": "The authors declare that they have no competing interests. Submit your next manuscript to BioMed Central and we will help you at every step:",
            "cite_spans": [],
            "ref_spans": [],
            "section": "Competing interests"
        }
    ]
}