{
    "paper_id": "240688a5e42b8cb41a65023846705179bc9efeb2",
    "metadata": {
        "title": "Influence of extreme weather and meteorological anomalies on outbreaks of influenza A (H1N1)",
        "authors": [
            {
                "first": "Xiao",
                "middle": [],
                "last": "Hong",
                "suffix": "",
                "affiliation": {
                    "laboratory": "",
                    "institution": "Hunan Normal University",
                    "location": {
                        "postCode": "410081",
                        "settlement": "Changsha",
                        "country": "China"
                    }
                },
                "email": ""
            },
            {
                "first": "Tian",
                "middle": [],
                "last": "Huaiyu",
                "suffix": "",
                "affiliation": {
                    "laboratory": "",
                    "institution": "Hunan Normal University",
                    "location": {
                        "postCode": "410081",
                        "settlement": "Changsha",
                        "country": "China"
                    }
                },
                "email": "tianhuaiyu@gmail.com"
            },
            {
                "first": "Lin",
                "middle": [],
                "last": "Xiaoling",
                "suffix": "",
                "affiliation": {
                    "laboratory": "",
                    "institution": "Hunan Normal University",
                    "location": {
                        "postCode": "410081",
                        "settlement": "Changsha",
                        "country": "China"
                    }
                },
                "email": ""
            },
            {
                "first": "Gao",
                "middle": [],
                "last": "Lidong",
                "suffix": "",
                "affiliation": {},
                "email": ""
            },
            {
                "first": "Dai",
                "middle": [],
                "last": "Xiangyu",
                "suffix": "",
                "affiliation": {
                    "laboratory": "",
                    "institution": "Hunan Normal University",
                    "location": {
                        "postCode": "410081",
                        "settlement": "Changsha",
                        "country": "China"
                    }
                },
                "email": ""
            },
            {
                "first": "",
                "middle": [],
                "last": "Zhang Xixing",
                "suffix": "",
                "affiliation": {},
                "email": ""
            },
            {
                "first": "Chen",
                "middle": [],
                "last": "Biyun",
                "suffix": "",
                "affiliation": {},
                "email": ""
            },
            {
                "first": "Zhao",
                "middle": [],
                "last": "Jian",
                "suffix": "",
                "affiliation": {
                    "laboratory": "",
                    "institution": "Peking University Health Science Center",
                    "location": {
                        "postCode": "100191",
                        "settlement": "Beijing",
                        "country": "China"
                    }
                },
                "email": ""
            },
            {
                "first": "&amp;",
                "middle": [],
                "last": "Xu",
                "suffix": "",
                "affiliation": {
                    "laboratory": "",
                    "institution": "Hunan Normal University",
                    "location": {
                        "postCode": "410081",
                        "settlement": "Changsha",
                        "country": "China"
                    }
                },
                "email": ""
            },
            {
                "first": "Jingzhe",
                "middle": [],
                "last": "",
                "suffix": "",
                "affiliation": {},
                "email": ""
            }
        ]
    },
    "abstract": [],
    "body_text": [
        {
            "text": "In 2009, the global influenza A (H1N1) epidemics introduced a great burden of disease to China as well as to the rest of the world. In our opinion such disasters caused by the influenza pandemics may very well recur again in the future [1] . Since the beginning of the 20th century, there have been three influenza pandemics around the world together affecting millions of people [2, 3] ; the 'Spanish flu pandemic' (H1N1) of 1918 [4] [5] [6] [7] , the influenza A subtype H2N2 pandemic in 1957 [8] , and the global pandemic caused by the influenza A subtype H3N2 in 1968 [9] . The outbreak and spread of influenza is a complex process, clearly influenced by the virulence of the influenza virus, the immunity of the host, and frequency of contacts between hosts. Research conducted in the last few decades has described a number of factors that influence the transmission and spread of influenza, including (1) mutation of the viruses and the fluctuating of population immunity levels, such as the emergence of new virus subtypes [10, 11] , changes in immunity levels caused by changes in melatonin [12] and vitamin D levels [13] [14] [15] ; (2) variations in host behavior and the frequency of population contact and travel [16] , such as the movements associated with school terms and holidays [17, 18] ; and (3) the survival and transmission abilities of viruses affected by variations in temperature and absolute humidity, and movements of the upper atmosphere [19] .",
            "cite_spans": [
                {
                    "start": 236,
                    "end": 239,
                    "text": "[1]",
                    "ref_id": "BIBREF0"
                },
                {
                    "start": 380,
                    "end": 383,
                    "text": "[2,",
                    "ref_id": "BIBREF1"
                },
                {
                    "start": 384,
                    "end": 386,
                    "text": "3]",
                    "ref_id": "BIBREF2"
                },
                {
                    "start": 431,
                    "end": 434,
                    "text": "[4]",
                    "ref_id": "BIBREF3"
                },
                {
                    "start": 435,
                    "end": 438,
                    "text": "[5]",
                    "ref_id": "BIBREF4"
                },
                {
                    "start": 439,
                    "end": 442,
                    "text": "[6]",
                    "ref_id": "BIBREF5"
                },
                {
                    "start": 443,
                    "end": 446,
                    "text": "[7]",
                    "ref_id": "BIBREF6"
                },
                {
                    "start": 495,
                    "end": 498,
                    "text": "[8]",
                    "ref_id": "BIBREF7"
                },
                {
                    "start": 572,
                    "end": 575,
                    "text": "[9]",
                    "ref_id": "BIBREF8"
                },
                {
                    "start": 1031,
                    "end": 1035,
                    "text": "[10,",
                    "ref_id": "BIBREF9"
                },
                {
                    "start": 1036,
                    "end": 1039,
                    "text": "11]",
                    "ref_id": "BIBREF10"
                },
                {
                    "start": 1100,
                    "end": 1104,
                    "text": "[12]",
                    "ref_id": "BIBREF11"
                },
                {
                    "start": 1126,
                    "end": 1130,
                    "text": "[13]",
                    "ref_id": "BIBREF12"
                },
                {
                    "start": 1131,
                    "end": 1135,
                    "text": "[14]",
                    "ref_id": "BIBREF13"
                },
                {
                    "start": 1136,
                    "end": 1140,
                    "text": "[15]",
                    "ref_id": "BIBREF14"
                },
                {
                    "start": 1226,
                    "end": 1230,
                    "text": "[16]",
                    "ref_id": "BIBREF15"
                },
                {
                    "start": 1297,
                    "end": 1301,
                    "text": "[17,",
                    "ref_id": "BIBREF16"
                },
                {
                    "start": 1302,
                    "end": 1305,
                    "text": "18]",
                    "ref_id": "BIBREF17"
                },
                {
                    "start": 1466,
                    "end": 1470,
                    "text": "[19]",
                    "ref_id": "BIBREF18"
                }
            ],
            "ref_spans": [],
            "section": ""
        },
        {
            "text": "The influenza virus is mainly spread via the respiratory tract [20] . Virus present in respiratory secretions is transmitted through spitting and latent infections are spread into the air by coughing and sneezing [21] . The transmission of influenza in temperate regions correlates significantly with seasonal variations [22] . In subtropical Southeast Asia the transmission circle occurs twice a year [23, 24] , and in tropical regions transmission is closely associated with the rainy season [25, 26] . Previous studies have found that temperature, relative humidity [27] [28] [29] [30] [31] and absolute humidity [32] [33] [34] have great influence on the occurrence and spread of the influenza virus. The environmental conditions of temperature and humidity affect the production and infectivity of virus droplet nuclei and the survival ability of virus [33] , thus providing a biophysical explanation of the relationship between the variations of season and environment and the duration and characteristics of influenza epidemics [35] .",
            "cite_spans": [
                {
                    "start": 63,
                    "end": 67,
                    "text": "[20]",
                    "ref_id": "BIBREF19"
                },
                {
                    "start": 213,
                    "end": 217,
                    "text": "[21]",
                    "ref_id": "BIBREF20"
                },
                {
                    "start": 321,
                    "end": 325,
                    "text": "[22]",
                    "ref_id": "BIBREF21"
                },
                {
                    "start": 402,
                    "end": 406,
                    "text": "[23,",
                    "ref_id": "BIBREF22"
                },
                {
                    "start": 407,
                    "end": 410,
                    "text": "24]",
                    "ref_id": "BIBREF23"
                },
                {
                    "start": 494,
                    "end": 498,
                    "text": "[25,",
                    "ref_id": "BIBREF24"
                },
                {
                    "start": 499,
                    "end": 502,
                    "text": "26]",
                    "ref_id": "BIBREF25"
                },
                {
                    "start": 569,
                    "end": 573,
                    "text": "[27]",
                    "ref_id": "BIBREF26"
                },
                {
                    "start": 574,
                    "end": 578,
                    "text": "[28]",
                    "ref_id": "BIBREF27"
                },
                {
                    "start": 579,
                    "end": 583,
                    "text": "[29]",
                    "ref_id": "BIBREF28"
                },
                {
                    "start": 584,
                    "end": 588,
                    "text": "[30]",
                    "ref_id": "BIBREF29"
                },
                {
                    "start": 589,
                    "end": 593,
                    "text": "[31]",
                    "ref_id": "BIBREF30"
                },
                {
                    "start": 616,
                    "end": 620,
                    "text": "[32]",
                    "ref_id": "BIBREF31"
                },
                {
                    "start": 621,
                    "end": 625,
                    "text": "[33]",
                    "ref_id": "BIBREF32"
                },
                {
                    "start": 626,
                    "end": 630,
                    "text": "[34]",
                    "ref_id": "BIBREF33"
                },
                {
                    "start": 858,
                    "end": 862,
                    "text": "[33]",
                    "ref_id": "BIBREF32"
                },
                {
                    "start": 1035,
                    "end": 1039,
                    "text": "[35]",
                    "ref_id": "BIBREF34"
                }
            ],
            "ref_spans": [],
            "section": ""
        },
        {
            "text": "Understanding the dynamics of these relationships is vital for planning and prioritizing measures for the control and prevention of influenza epidemics in different environments [36] . The peak of the 2009 influenza A (H1N1) pandemic is over but there is still a lack of understanding of the transmission mechanisms, the meteorological conditions suitable for the influenza transmission, and the influence of extreme weather and meteorological anomalies on the outbreaks of influenza epidemics. The objective of this study was to construct a theoretical model of influenza outbreaks based on meteorological epidemiology. We collected all the relevant data relating to the incidence of influenza cases during the recent outbreak. We then obtained all the meteorological parameters thought to influence disease outbreak and transmission using geographic information systems and remote sensing. We analyzed the data using statistical tests to explore the meteorological characteristics of influenza outbreaks, and combining this with the knowledge gained from biology experiments and susceptive-infective-removal (SIR) models we designed a meteorological anomaly model of influenza A (H1N1) epidemics, aiming at providing a scientifically based model that would aid the control and prevention of influenza epidemics in the future.",
            "cite_spans": [
                {
                    "start": 178,
                    "end": 182,
                    "text": "[36]",
                    "ref_id": "BIBREF35"
                }
            ],
            "ref_spans": [],
            "section": ""
        },
        {
            "text": "All the data on influenza A (H1N1) cases reported in Changsha from May 22, 2009 Figure 1 ). Based on the daily series of meteorological data from 1951 to 2009, the thresholds of extreme weather conditions were estimated using the 95th and 5th percentiles. The mean values of the daily meteorological series were calculated from 1951 to 2008 and compared with the records from 2009 to obtain the outliers for analyzing the relationship between the outbreak of epidemics and meteorological anomalies. Taking absolute humidity as an example:",
            "cite_spans": [
                {
                    "start": 67,
                    "end": 79,
                    "text": "May 22, 2009",
                    "ref_id": null
                }
            ],
            "ref_spans": [
                {
                    "start": 80,
                    "end": 88,
                    "text": "Figure 1",
                    "ref_id": "FIGREF0"
                }
            ],
            "section": "Cases and meteorological data"
        },
        {
            "text": "where \uf044AH is absolute humidity (AH) anomaly, AH 2009 is the daily records of AH in 2009, AH is the mean value of AH in the same periods from 1951 to 2008. Analysis of the outbreaks and meteorological conditions during the epidemic periods included the following steps: (1) analysis of the transmission of influenza A (H1N1) epidemics when a meteorological anomaly occurs, (2) classification of the daily infections, calculation of the frequency of different meteorological conditions and the corresponding incidence and level of epidemic, and (3) calculation of the frequency of the \"combined effects\" of multiple meteorological conditions and their relationship to outbreaks.",
            "cite_spans": [],
            "ref_spans": [],
            "section": "Cases and meteorological data"
        },
        {
            "text": "Experimental studies found that the ability of the influenza virus to survive and spread among mice varies with temperature, relative humidity and season [37] (Harper [38] and Hemmes et al. [39] ). In recent years, in experiments using dolphins, Lowen et al. [28] [29] [30] found that the transmission ability of the influenza virus in air varies under different conditions of temperature and humidity (H3N2, Influen A/ Panama/2007/99; H1N1, Influen A/Netherlands/602/2009). In these studies the transmission ability of influenza virus under different conditions of temperature, absolute humidity and relative humidity was analyzed in 40 sets of experiments, 24 sets using H3N2 and 16 sets using H1N1 ( Figure  2 ). Logistic regression was used to select a suitable model and to extract epidemiological parameters. The absolute humidity conditions in different experiments were calculated using eqs. (2)-(4) below [40] . According to the experimental results, we know that the transmission ability of influenza A (H1N1) virus is different under different environmental conditions. 100% e E",
            "cite_spans": [
                {
                    "start": 154,
                    "end": 158,
                    "text": "[37]",
                    "ref_id": "BIBREF36"
                },
                {
                    "start": 167,
                    "end": 171,
                    "text": "[38]",
                    "ref_id": "BIBREF37"
                },
                {
                    "start": 190,
                    "end": 194,
                    "text": "[39]",
                    "ref_id": "BIBREF38"
                },
                {
                    "start": 259,
                    "end": 263,
                    "text": "[28]",
                    "ref_id": "BIBREF27"
                },
                {
                    "start": 264,
                    "end": 268,
                    "text": "[29]",
                    "ref_id": "BIBREF28"
                },
                {
                    "start": 269,
                    "end": 273,
                    "text": "[30]",
                    "ref_id": "BIBREF29"
                },
                {
                    "start": 914,
                    "end": 918,
                    "text": "[40]",
                    "ref_id": "BIBREF39"
                }
            ],
            "ref_spans": [
                {
                    "start": 703,
                    "end": 712,
                    "text": "Figure  2",
                    "ref_id": "FIGREF1"
                }
            ],
            "section": "Experimental studies on transmission of the virus"
        },
        {
            "text": "w",
            "cite_spans": [],
            "ref_spans": [],
            "section": "Experimental studies on transmission of the virus"
        },
        {
            "text": "where e s (T) is the saturation vapor pressure at the temperature T, T 0 =273.15 K, e s (T 0 )=611.29 Pa, L is the latent heat of water evaporation, R v is the gas constant of water evaporation, 461.5 J kg \uf02d1 K \uf02d1 ; \uf06a is relative humidity, e is vapor pressure; E is saturation vapor pressure; \uf072 w is absolute humidity.",
            "cite_spans": [],
            "ref_spans": [],
            "section": "Experimental studies on transmission of the virus"
        },
        {
            "text": "In this study, the predicted minimum basic reproductive rate (R 0min ) is determined by the mutation of the virus and the immune levels of the population in the outbreak of influen-za epidemic, while the wave of the basic reproductive rate (R 0max \uf02dR 0min ) is affected by the meteorological anomaly. Based on experimental research of the transmission ability of influenza virus and the meteorological statistics, analysis of the influence of meteorological anomaly on the spread of influenza was introduced to a susceptive-infective-removal (SIR) model. According to the general infection mechanism, SIR classifies the target population of the disease into three specific groups, namely the susceptible (S), infective (I) and removed (R) individuals. The model has achieved good results and been widely used to predict the dynamics of infectious diseases [41, 42] . The basic reproductive rate R 0 is equal to the contact rate divided by the removal rate, namely the number of susceptible infected by a single infective case; only when R 0 >1 can the disease spread among population: if R 0 <1, the disease will disappear; if R 0 =1, the disease will remain unchanged, and neither spread nor disappear [43, 44] . The meteorological anomaly model can therefore be expressed as ",
            "cite_spans": [
                {
                    "start": 856,
                    "end": 860,
                    "text": "[41,",
                    "ref_id": "BIBREF40"
                },
                {
                    "start": 861,
                    "end": 864,
                    "text": "42]",
                    "ref_id": "BIBREF41"
                },
                {
                    "start": 1203,
                    "end": 1207,
                    "text": "[43,",
                    "ref_id": "BIBREF42"
                },
                {
                    "start": 1208,
                    "end": 1211,
                    "text": "44]",
                    "ref_id": "BIBREF43"
                }
            ],
            "ref_spans": [],
            "section": "Meteorological anomaly model in the influenza epidemic outbreak"
        },
        {
            "text": "where S(t), I(t), \uf062(t) are the susceptible, infective and removed in t day, N is the total population, D is the mean infective stage, \uf061 is regression function of experiments of transmission ability of influenza virus (H1N1, Influenza A/ Netherlands/602/2009), P is air pressure, T is temperature, RH is relative humidity, E is saturation vapor pressure at the temperature of T, R 0min , R 0max is the daily maximum and minimum reproductive, R v is gas constant of water evaporation, 461.5 J kg \uf02d1 K \uf02d1 , |\uf044\uf072 \uf020 | is meteorological anomaly data, if \uf044\uf072 is max, R 0 =R 0max , while \uf044\uf072=0, R 0 is the transmission ability under normal conditions. Simulated annealing (SA) was used to estimate the optimal solution of the model from May 22 to Dec 31 in 2009, the parameters to be estimated including D, R 0min , R 0max and \uf062. To predict the epidemic, the cases in 2010 were left as test data, to validate the model effects. The daily new influenza A (H1N1) cases are obs i (i=1,2,3,\u2026, N), the prediction of the model is est i (i=1,2,3,\u2026, N), objection function \"loss\" is used to evaluate the predictive effect, and the closer R 2 is to 1, the better the predictive results are. In other studies using this type of model, R 0 ranges from 1.3 to 3 [10, [45] [46] [47] , and D ranges from 2 to 7 d [45, 48] . In this research, R max ranges from 1.3 to 4, R min in the model ranges from 0 to 1.3, and D ranges from 2 to 30 d.",
            "cite_spans": [
                {
                    "start": 1239,
                    "end": 1243,
                    "text": "[10,",
                    "ref_id": "BIBREF9"
                },
                {
                    "start": 1244,
                    "end": 1248,
                    "text": "[45]",
                    "ref_id": "BIBREF44"
                },
                {
                    "start": 1249,
                    "end": 1253,
                    "text": "[46]",
                    "ref_id": "BIBREF45"
                },
                {
                    "start": 1254,
                    "end": 1258,
                    "text": "[47]",
                    "ref_id": "BIBREF46"
                },
                {
                    "start": 1288,
                    "end": 1292,
                    "text": "[45,",
                    "ref_id": "BIBREF44"
                },
                {
                    "start": 1293,
                    "end": 1296,
                    "text": "48]",
                    "ref_id": "BIBREF47"
                }
            ],
            "ref_spans": [],
            "section": "Meteorological anomaly model in the influenza epidemic outbreak"
        },
        {
            "text": "The meteorological records for the Changsha City outbreak of Influenza A (H1N1) from October 22 to December 22 show that temperature, absolute humidity, barometric pressure are within the parameters outlined as extreme records (Figure 3 ). Absolute humidity gave an extremely low value on November 2 (77 cases), November 3 (55 cases), November 17 (184 cases), November 18 (242 cases) and November 19 (245 cases), 2009. With the air being drier the humidity continued to decrease and the incidence of infection gradually increased. Barometric pressure appeared extremely high on November 1-4 (258 cases), November 12-22 (2046 cases), November 28 to December 5 (395 cases), and December 13-21 (51 cases) in 2009. The disease incidence reached its peak in mid-November.",
            "cite_spans": [],
            "ref_spans": [
                {
                    "start": 227,
                    "end": 236,
                    "text": "(Figure 3",
                    "ref_id": "FIGREF2"
                }
            ],
            "section": "Weather conditions during an influenza A (H1N1) pandemic"
        },
        {
            "text": "Taking into account that there was considerable variability in weather conditions during the study period, we calculated statistics for the frequency of the various meteorological conditions and compared them with the corresponding case incidence from May 22, 2009 to December 31, 2009 . The results showed that over 50% (2929/5439) of the cases appeared in weather when the maximum wind speed was 7-11 km h \uf02d1 , while 64.9% (3534/5439) of the cases appeared in weather when the average wind speed was 3-6 km h \uf02d1 , suggesting that a lower wind speed contributed to the spread of influenza A (H1N1). The 3772 cases appeared when the minimum temperature was 0-10\u00b0C, accounting for 69.4% of the total number of cases, implying that lower temperatures were more conducive to the spread of the epidemic and 5402 cases (99.3%) were found on days where the pressure was greater than 1008 hPa. As the pressure rises, the probability of cases incidence rises, showing that higher pressure is more conducive to the development of the epidemic. Measurement of absolute humidity appeared to show that the dry air helps the spread of the influenza A (H1N1) since 69.5% cases (3782/ 5439) occurred when absolute humidity was 3-7 g m \uf02d3 .",
            "cite_spans": [
                {
                    "start": 252,
                    "end": 264,
                    "text": "May 22, 2009",
                    "ref_id": null
                },
                {
                    "start": 268,
                    "end": 285,
                    "text": "December 31, 2009",
                    "ref_id": null
                }
            ],
            "ref_spans": [],
            "section": "Weather conditions during an influenza A (H1N1) pandemic"
        },
        {
            "text": "Multivariate statistical analysis of the meteorological elements ( Table 2) shows that weather conditions of the influenza A (H1N1) epidemic were closely connected with absolute humidity, and barometric pressure. The largest number of cases appeared when weather was composed of the following four meteorological conditions: (1) low temperature, dry, high pressure; (2) dry, low wind speed, high pressure; (3) low wind speed, high pressure; and (4) low temperature, dry, low wind speed, high air pressure. The influenza outbreaks occurred when the temperature was below 10\u00b0C, absolute humidity was lower than 10 g m \uf02d3 , wind speed lower than 10 km h \uf02d1 and air pressure higher than 1010 hPa. Under these circumstances, the high pressure may have allowed virus droplets to sink in the air, the low temperature may have contributed to the survival of the virus, and the low wind speed and dry air may have helped aggregation and thus the spread of the influenza virus. In addition, in the second half of 2009 the influence of El Ni\u00f1o was evident in abnormal weather conditions including temperature, pressure and absolute humidity. Minimum temperatures fell below about 7\u00b0C, the absolute humidity was lower than the mean of 5 g m \uf02d3 , and the pressure was higher than the mean of about 20 hPa in Changsha over this period and was significantly correlated with incidence of influenza A (H1N1) (Figure 4 ).",
            "cite_spans": [],
            "ref_spans": [
                {
                    "start": 67,
                    "end": 75,
                    "text": "Table 2)",
                    "ref_id": "TABREF2"
                },
                {
                    "start": 1391,
                    "end": 1400,
                    "text": "(Figure 4",
                    "ref_id": "FIGREF4"
                }
            ],
            "section": "Weather conditions during an influenza A (H1N1) pandemic"
        },
        {
            "text": "Iteration of the simulated annealing algorithm obtained an optimal solution of epidemiological parameters: R 0min =1.28, R 0max =3.20, removal rate=0.17, and average infection period (D)=5.88 days (including the invisible infection period). However, the weather anomaly model simulation of the development of H1N1 influenza in Changsha gives a beffer degree of fit ( Figure 5 ). The (R 2 ) of predicted results and actual observations is 0.863. Using the 2010 data this model predicted that the epidemic of influenza A (H1N1) in Changsha would finish at the end of January 2010, which concurred closely with the actual situation and illustrated the strength of the model.",
            "cite_spans": [],
            "ref_spans": [
                {
                    "start": 367,
                    "end": 375,
                    "text": "Figure 5",
                    "ref_id": "FIGREF5"
                }
            ],
            "section": "Simulation results"
        },
        {
            "text": "The model's forecasting power appeared erroneous from October 23 to November 1, 2009. Further investigation showed that this was the result of outbreaks in the two schools in the study area. In this case the model failed because, on the one hand, the estimation of basic reproductive number is mostly based on the height of the statistical population, while in isolated small communities R 0 is often larger [49, 50] , and on the other hand, because in areas with special characteristics such as a school or among troops there is often an abnormally high frequency of susceptible individuals living in close contact.",
            "cite_spans": [
                {
                    "start": 408,
                    "end": 412,
                    "text": "[49,",
                    "ref_id": "BIBREF48"
                },
                {
                    "start": 413,
                    "end": 416,
                    "text": "50]",
                    "ref_id": "BIBREF49"
                }
            ],
            "ref_spans": [],
            "section": "Simulation results"
        },
        {
            "text": "The occurrence, development and transmission of infectious diseases are affected by pathogen and host, and pathogen and external environment (natural factors and social factors) [20] . It is impossible to understand the whole dynamics of transmission simply by identifying the component parts. By taking a multidisciplinary and integration approach, we can study the occurrence and transmission of infectious disease from a new and much wider perspective. In this study, we found a close connection between weather conditions and H1N1 influenza epidemic pattern in Changsha. On the one hand, extreme or anomalous measurements of single meteorological factors affected the transmission of influenza; on the other hand, large number of influenza cases occurred during periods of extreme or anomalous instances of various meteorological factors. Using experimental studies, meteorological observation and epidemiological models, we can analyze the patterns and explore the dynamics of the laws governing transmission. Through a combination of infec-tious disease surveillance systems and weather forecasting, valuable early warning systems can be put in place and prevention and control of major influenza outbreaks can be carried out. In addition, especially vulnerable groups, for example, in schools, offices and other crowded indoor environment can be targeted with appropriate methods for reducing the transmission and survival ability of the influenza virus and thus reducing the burden of disease [51] . Different indoor environments will require differing approaches to control and theoretical and practical knowledge should be combined in order to design specific measures that are both economical and feasible for reducing the potential burden of disease. By statistically analyzing weather conditions associated with influenza A (H1N1), we found that the daily minimum temperature, absolute humidity and barometric pressure have a strong influence on the development of the epidemic situation. More patients appear during periods of the low temperature compared with high temperature, more cases appear when pressure is higher and a large number of cases appear when absolute humidity is lower (AH<16 g m \uf02d3 ). In addition, our \"combined effect\" [52] statistical analysis showed that when different combinations of factors occurred they could affect the epidemic situation further, creating a dangerously increased risk of disease. These factors included low temperatures, dryness, low wind speed, high-pressure and epidemics in Changsha (greater than 200 cases per day) occurred as a result of the combination of such meteorological factors. It is therefore imperative that the combined effects of meteorological factors are studied for meteorological sensitive infectious diseases.",
            "cite_spans": [
                {
                    "start": 178,
                    "end": 182,
                    "text": "[20]",
                    "ref_id": "BIBREF19"
                },
                {
                    "start": 1501,
                    "end": 1505,
                    "text": "[51]",
                    "ref_id": "BIBREF50"
                },
                {
                    "start": 2254,
                    "end": 2258,
                    "text": "[52]",
                    "ref_id": "BIBREF51"
                }
            ],
            "ref_spans": [],
            "section": "Discussion"
        },
        {
            "text": "Year 2009 experienced the fifth highest temperatures since 1980. Extreme global weather and climate conditions occurred from June to December the same year as well as a very strong El Ni\u00f1o effect and, the multivariate ENSO index respectively achieved 0.854, 0.929, 0.738, 0.983, 1.039 and 1.084 [53] . At the same time, the El Ni\u00f1o induced climate change correlated strongly with infection in mainland China with a time lag of 3 to 5 months [54] . According to meteorological records during the period of pandemic influenza A (H1N1), a persistently abnormal climate occurred in late September, early October to mid-December at Changsha (in accordance with the time delay cycle). This is similar to the result of El Ni\u00f1o on the French influenza epidemic cycles, and thus provides a new perspective for a comprehensive understanding of the influenza A (H1N1) pandemic events [55] . Accurate interpretation of the trend signal changes in the weather will provide a valuable early warning signal for the prevention of influenza outbreaks.",
            "cite_spans": [
                {
                    "start": 295,
                    "end": 299,
                    "text": "[53]",
                    "ref_id": "BIBREF52"
                },
                {
                    "start": 441,
                    "end": 445,
                    "text": "[54]",
                    "ref_id": "BIBREF53"
                },
                {
                    "start": 873,
                    "end": 877,
                    "text": "[55]",
                    "ref_id": "BIBREF54"
                }
            ],
            "ref_spans": [],
            "section": "Discussion"
        },
        {
            "text": "This study provided insight into the outbreak of influenza A (H1N1) in Changsha particularly in relation to absolute humidity, the contact rates of infected individuals and population changes, although not all influenza pandemics appeared during extreme weather conditions. Extreme weather and abnormal weather may play a role in fueling the spread of influenza. Population immunity levels and the virus mutations also determine the baseline and trend of the epidemic; therefore, the problem was how to reflect the evolution and variability of the virus in the model. One way of improving the model was to employ Markov Chain Monte Carlo methods involving simulated annealing algorithms with the various components although the performance of the algorithm is related to initial parameter value and parameter sensitivity. An additional important elements to consider was the fact that the incidence of influenza is usually higher in lower age groups and among those working in the service industry. Students and manual laborers also have a higher incidence than professional people, and certain special groups with high mobility are an important factor in the continuing spread and proliferation of the disease. The study also found that the composition of the susceptible population [56] had a significant impact on the fit of the model to the results, posing a problem of how to quantitatively evaluate the effect of population heterogeneity in the flu outbreak and improve the predictive power of the models. Future work will concentrate on further refinement of these models. ",
            "cite_spans": [
                {
                    "start": 1284,
                    "end": 1288,
                    "text": "[56]",
                    "ref_id": "BIBREF55"
                }
            ],
            "ref_spans": [],
            "section": "Discussion"
        }
    ],
    "bib_entries": {
        "BIBREF0": {
            "ref_id": "b0",
            "title": "Severe respiratory disease concurrent with the circulation of H1N1 influenza",
            "authors": [
                {
                    "first": "G",
                    "middle": [],
                    "last": "Chowell",
                    "suffix": ""
                },
                {
                    "first": "S M",
                    "middle": [],
                    "last": "Bertozzi",
                    "suffix": ""
                },
                {
                    "first": "M A",
                    "middle": [],
                    "last": "Colchero",
                    "suffix": ""
                }
            ],
            "year": 2009,
            "venue": "N Engl J Med",
            "volume": "361",
            "issn": "",
            "pages": "674--679",
            "other_ids": {}
        },
        "BIBREF1": {
            "ref_id": "b1",
            "title": "Pandemic influenza: Studying the lessons of history",
            "authors": [
                {
                    "first": "S",
                    "middle": [],
                    "last": "Morse",
                    "suffix": ""
                }
            ],
            "year": 2007,
            "venue": "Proc Natl Acad Sci",
            "volume": "104",
            "issn": "",
            "pages": "7313--7314",
            "other_ids": {}
        },
        "BIBREF2": {
            "ref_id": "b2",
            "title": "Evolution and ecology of influenza A viruses",
            "authors": [
                {
                    "first": "R G",
                    "middle": [],
                    "last": "Webster",
                    "suffix": ""
                },
                {
                    "first": "W J",
                    "middle": [],
                    "last": "Bean",
                    "suffix": ""
                },
                {
                    "first": "O T",
                    "middle": [],
                    "last": "Gorman",
                    "suffix": ""
                }
            ],
            "year": 1992,
            "venue": "Microbiol Rev",
            "volume": "56",
            "issn": "",
            "pages": "152--179",
            "other_ids": {}
        },
        "BIBREF3": {
            "ref_id": "b3",
            "title": "Influenza transmission in households during the 1918 pandemic",
            "authors": [
                {
                    "first": "C",
                    "middle": [],
                    "last": "Fraser",
                    "suffix": ""
                },
                {
                    "first": "D A T",
                    "middle": [],
                    "last": "Cummings",
                    "suffix": ""
                },
                {
                    "first": "D",
                    "middle": [],
                    "last": "Klinkenberg",
                    "suffix": ""
                }
            ],
            "year": 2011,
            "venue": "Am J Epidemiol",
            "volume": "174",
            "issn": "",
            "pages": "505--514",
            "other_ids": {}
        },
        "BIBREF4": {
            "ref_id": "b4",
            "title": "Influenza: The mother of all pandemics",
            "authors": [
                {
                    "first": "J",
                    "middle": [],
                    "last": "Taubenberger",
                    "suffix": ""
                },
                {
                    "first": "D",
                    "middle": [],
                    "last": "Morens",
                    "suffix": ""
                }
            ],
            "year": 1918,
            "venue": "Emerg Infect Dis",
            "volume": "12",
            "issn": "",
            "pages": "15--22",
            "other_ids": {}
        },
        "BIBREF5": {
            "ref_id": "b5",
            "title": "Estimation of potential global pandemic influenza mortality on the basis of vital registry data from the 1918-20 pandemic: A quantitative analysis",
            "authors": [
                {
                    "first": "C J L",
                    "middle": [],
                    "last": "Murray",
                    "suffix": ""
                },
                {
                    "first": "A D",
                    "middle": [],
                    "last": "Lopez",
                    "suffix": ""
                },
                {
                    "first": "B",
                    "middle": [],
                    "last": "Chin",
                    "suffix": ""
                }
            ],
            "year": 2007,
            "venue": "Lancet",
            "volume": "368",
            "issn": "",
            "pages": "2211--2218",
            "other_ids": {}
        },
        "BIBREF6": {
            "ref_id": "b6",
            "title": "Cross-protection between successive waves of the 1918-1919 influenza pandemic: Epidemiological evidence from US Army camps and from Britain",
            "authors": [
                {
                    "first": "J M",
                    "middle": [],
                    "last": "Barry",
                    "suffix": ""
                },
                {
                    "first": "C",
                    "middle": [],
                    "last": "Viboud",
                    "suffix": ""
                },
                {
                    "first": "L",
                    "middle": [],
                    "last": "Simonsen",
                    "suffix": ""
                }
            ],
            "year": 2008,
            "venue": "J Infect Dis",
            "volume": "198",
            "issn": "",
            "pages": "1427--1434",
            "other_ids": {}
        },
        "BIBREF7": {
            "ref_id": "b7",
            "title": "Global epidemiology of influenza: Past and present",
            "authors": [
                {
                    "first": "N",
                    "middle": [],
                    "last": "Cox",
                    "suffix": ""
                },
                {
                    "first": "K",
                    "middle": [],
                    "last": "Subbarao",
                    "suffix": ""
                }
            ],
            "year": 2000,
            "venue": "Annu Rev Med",
            "volume": "51",
            "issn": "",
            "pages": "407--421",
            "other_ids": {}
        },
        "BIBREF8": {
            "ref_id": "b8",
            "title": "Influenza: Old and new threats",
            "authors": [
                {
                    "first": "P",
                    "middle": [],
                    "last": "Palese",
                    "suffix": ""
                }
            ],
            "year": 2004,
            "venue": "Nat Med",
            "volume": "10",
            "issn": "",
            "pages": "82--87",
            "other_ids": {}
        },
        "BIBREF9": {
            "ref_id": "b9",
            "title": "Pandemic potential of a strain of influenza A (H1N1): Early findings",
            "authors": [
                {
                    "first": "C",
                    "middle": [],
                    "last": "Fraser",
                    "suffix": ""
                },
                {
                    "first": "C A",
                    "middle": [],
                    "last": "Donnelly",
                    "suffix": ""
                },
                {
                    "first": "S",
                    "middle": [],
                    "last": "Cauchemez",
                    "suffix": ""
                }
            ],
            "year": 2009,
            "venue": "Science",
            "volume": "324",
            "issn": "",
            "pages": "1557--1561",
            "other_ids": {}
        },
        "BIBREF10": {
            "ref_id": "b10",
            "title": "The challenge of emerging and re-emerging infectious diseases",
            "authors": [
                {
                    "first": "D M",
                    "middle": [],
                    "last": "Morens",
                    "suffix": ""
                },
                {
                    "first": "G K",
                    "middle": [],
                    "last": "Folkers",
                    "suffix": ""
                },
                {
                    "first": "A",
                    "middle": [],
                    "last": "Fauci",
                    "suffix": ""
                }
            ],
            "year": 2004,
            "venue": "Nature",
            "volume": "430",
            "issn": "",
            "pages": "242--249",
            "other_ids": {}
        },
        "BIBREF11": {
            "ref_id": "b11",
            "title": "Seasonal variation in host susceptibility and cycles of certain infectious diseases",
            "authors": [
                {
                    "first": "S",
                    "middle": [],
                    "last": "Dowell",
                    "suffix": ""
                }
            ],
            "year": 2001,
            "venue": "Emerg Infect Dis",
            "volume": "7",
            "issn": "",
            "pages": "369--374",
            "other_ids": {}
        },
        "BIBREF12": {
            "ref_id": "b12",
            "title": "Epidemic influenza and vitamin D",
            "authors": [
                {
                    "first": "J J",
                    "middle": [],
                    "last": "Cannell",
                    "suffix": ""
                },
                {
                    "first": "R",
                    "middle": [],
                    "last": "Vieth",
                    "suffix": ""
                },
                {
                    "first": "J C",
                    "middle": [],
                    "last": "Umhau",
                    "suffix": ""
                }
            ],
            "year": 2006,
            "venue": "Epidemiol Infect",
            "volume": "134",
            "issn": "",
            "pages": "1129--1140",
            "other_ids": {}
        },
        "BIBREF13": {
            "ref_id": "b13",
            "title": "On the epidemiology of influenza",
            "authors": [
                {
                    "first": "J J",
                    "middle": [],
                    "last": "Cannell",
                    "suffix": ""
                },
                {
                    "first": "M",
                    "middle": [],
                    "last": "Zasloff",
                    "suffix": ""
                },
                {
                    "first": "C F",
                    "middle": [],
                    "last": "Garland",
                    "suffix": ""
                }
            ],
            "year": 2008,
            "venue": "Virol J",
            "volume": "5",
            "issn": "",
            "pages": "",
            "other_ids": {}
        },
        "BIBREF14": {
            "ref_id": "b14",
            "title": "Shortcomings of vitamin D-based model simulations of seasonal influenza",
            "authors": [
                {
                    "first": "J",
                    "middle": [],
                    "last": "Shaman",
                    "suffix": ""
                },
                {
                    "first": "C Y",
                    "middle": [],
                    "last": "Jeon",
                    "suffix": ""
                },
                {
                    "first": "E",
                    "middle": [],
                    "last": "Giovannucci",
                    "suffix": ""
                }
            ],
            "year": 2011,
            "venue": "PLoS One",
            "volume": "6",
            "issn": "",
            "pages": "",
            "other_ids": {}
        },
        "BIBREF15": {
            "ref_id": "b15",
            "title": "Empirical evidence for the effect of airline travel on inter-regional influenza spread in the United States",
            "authors": [
                {
                    "first": "J S",
                    "middle": [],
                    "last": "Brownstein",
                    "suffix": ""
                },
                {
                    "first": "C J",
                    "middle": [],
                    "last": "Wolfe",
                    "suffix": ""
                },
                {
                    "first": "K",
                    "middle": [],
                    "last": "Mandl",
                    "suffix": ""
                }
            ],
            "year": 2006,
            "venue": "PLoS Med",
            "volume": "3",
            "issn": "",
            "pages": "",
            "other_ids": {}
        },
        "BIBREF16": {
            "ref_id": "b16",
            "title": "Estimating the impact of school closure on influenza transmission from Sentinel data",
            "authors": [
                {
                    "first": "S",
                    "middle": [],
                    "last": "Cauchemez",
                    "suffix": ""
                },
                {
                    "first": "A J",
                    "middle": [],
                    "last": "Valleron",
                    "suffix": ""
                },
                {
                    "first": "P Y",
                    "middle": [],
                    "last": "Boelle",
                    "suffix": ""
                }
            ],
            "year": 2008,
            "venue": "Nature",
            "volume": "452",
            "issn": "",
            "pages": "750--754",
            "other_ids": {}
        },
        "BIBREF17": {
            "ref_id": "b17",
            "title": "Closure of schools during an influenza pandemic",
            "authors": [
                {
                    "first": "S",
                    "middle": [],
                    "last": "Cauchemez",
                    "suffix": ""
                },
                {
                    "first": "N M",
                    "middle": [],
                    "last": "Ferguson",
                    "suffix": ""
                },
                {
                    "first": "C",
                    "middle": [],
                    "last": "Wachtel",
                    "suffix": ""
                }
            ],
            "year": 2009,
            "venue": "Lancet Inf Dis",
            "volume": "9",
            "issn": "",
            "pages": "473--481",
            "other_ids": {}
        },
        "BIBREF18": {
            "ref_id": "b18",
            "title": "Impact of atmospheric dispersion and transport of viral aerosols on the epidemiology of influenza",
            "authors": [
                {
                    "first": "G W",
                    "middle": [],
                    "last": "Hammond",
                    "suffix": ""
                },
                {
                    "first": "R L",
                    "middle": [],
                    "last": "Raddatz",
                    "suffix": ""
                },
                {
                    "first": "D",
                    "middle": [],
                    "last": "Gelskey",
                    "suffix": ""
                }
            ],
            "year": 1989,
            "venue": "Rev Infect Dis",
            "volume": "11",
            "issn": "",
            "pages": "494--497",
            "other_ids": {}
        },
        "BIBREF19": {
            "ref_id": "b19",
            "title": "Beijing: People's Medical Publishing House",
            "authors": [
                {
                    "first": "L",
                    "middle": [
                        "M"
                    ],
                    "last": "Li",
                    "suffix": ""
                },
                {
                    "first": "",
                    "middle": [],
                    "last": "Epidemiology",
                    "suffix": ""
                }
            ],
            "year": 2008,
            "venue": "",
            "volume": "",
            "issn": "",
            "pages": "",
            "other_ids": {}
        },
        "BIBREF20": {
            "ref_id": "b20",
            "title": "Aerosol transmission of influenza A virus: A review of new studies",
            "authors": [
                {
                    "first": "R",
                    "middle": [],
                    "last": "Tellier",
                    "suffix": ""
                }
            ],
            "year": 2009,
            "venue": "J R Soc Interface",
            "volume": "6",
            "issn": "",
            "pages": "783--790",
            "other_ids": {}
        },
        "BIBREF21": {
            "ref_id": "b21",
            "title": "The global impact of influenza on morbidity and mortality",
            "authors": [
                {
                    "first": "L",
                    "middle": [],
                    "last": "Simonsen",
                    "suffix": ""
                }
            ],
            "year": 1999,
            "venue": "Vaccine",
            "volume": "17",
            "issn": "",
            "pages": "3--10",
            "other_ids": {}
        },
        "BIBREF22": {
            "ref_id": "b22",
            "title": "Influenza-associated hospitalization in a subtropical city",
            "authors": [
                {
                    "first": "C M",
                    "middle": [],
                    "last": "Wong",
                    "suffix": ""
                },
                {
                    "first": "Yang",
                    "middle": [
                        "L"
                    ],
                    "last": "Chan",
                    "suffix": ""
                },
                {
                    "first": "K P",
                    "middle": [],
                    "last": "",
                    "suffix": ""
                }
            ],
            "year": 2006,
            "venue": "PLoS Med",
            "volume": "3",
            "issn": "",
            "pages": "",
            "other_ids": {}
        },
        "BIBREF23": {
            "ref_id": "b23",
            "title": "The global circulation of seasonal influenza A (H3N2) viruses",
            "authors": [
                {
                    "first": "C A",
                    "middle": [],
                    "last": "Russell",
                    "suffix": ""
                },
                {
                    "first": "T C",
                    "middle": [],
                    "last": "Jones",
                    "suffix": ""
                },
                {
                    "first": "I G",
                    "middle": [],
                    "last": "Barr",
                    "suffix": ""
                }
            ],
            "year": 2008,
            "venue": "Science",
            "volume": "320",
            "issn": "",
            "pages": "340--346",
            "other_ids": {}
        },
        "BIBREF24": {
            "ref_id": "b24",
            "title": "Influenza in tropical regions",
            "authors": [
                {
                    "first": "C",
                    "middle": [],
                    "last": "Viboud",
                    "suffix": ""
                },
                {
                    "first": "W J",
                    "middle": [],
                    "last": "Alonso",
                    "suffix": ""
                },
                {
                    "first": "L",
                    "middle": [],
                    "last": "Simonsen",
                    "suffix": ""
                }
            ],
            "year": 2006,
            "venue": "PLoS Med",
            "volume": "3",
            "issn": "",
            "pages": "",
            "other_ids": {}
        },
        "BIBREF25": {
            "ref_id": "b25",
            "title": "Epidemiology and seasonality of respiratory tract virus infections in the tropics",
            "authors": [
                {
                    "first": "L P C",
                    "middle": [],
                    "last": "Shek",
                    "suffix": ""
                },
                {
                    "first": "B",
                    "middle": [
                        "W"
                    ],
                    "last": "Lee",
                    "suffix": ""
                }
            ],
            "year": 2003,
            "venue": "Paediatr Respir Rev",
            "volume": "4",
            "issn": "",
            "pages": "105--111",
            "other_ids": {}
        },
        "BIBREF26": {
            "ref_id": "b26",
            "title": "Transmission of influenza virus via aerosols and fomites in the guinea pig model",
            "authors": [
                {
                    "first": "S",
                    "middle": [],
                    "last": "Mubareka",
                    "suffix": ""
                },
                {
                    "first": "A C",
                    "middle": [],
                    "last": "Lowen",
                    "suffix": ""
                },
                {
                    "first": "J",
                    "middle": [],
                    "last": "Steel",
                    "suffix": ""
                }
            ],
            "year": 2009,
            "venue": "J Infect Dis",
            "volume": "199",
            "issn": "",
            "pages": "858--865",
            "other_ids": {}
        },
        "BIBREF27": {
            "ref_id": "b27",
            "title": "High temperature (30 degrees C) blocks aerosol but not contact transmission of influenza virus",
            "authors": [
                {
                    "first": "A C",
                    "middle": [],
                    "last": "Lowen",
                    "suffix": ""
                },
                {
                    "first": "J",
                    "middle": [],
                    "last": "Steel",
                    "suffix": ""
                },
                {
                    "first": "S",
                    "middle": [],
                    "last": "Mubareka",
                    "suffix": ""
                }
            ],
            "year": 2008,
            "venue": "J Virol",
            "volume": "82",
            "issn": "",
            "pages": "5650--5652",
            "other_ids": {}
        },
        "BIBREF28": {
            "ref_id": "b28",
            "title": "Influenza virus transmission is dependent on relative humidity and temperature",
            "authors": [
                {
                    "first": "A C",
                    "middle": [],
                    "last": "Lowen",
                    "suffix": ""
                },
                {
                    "first": "S",
                    "middle": [],
                    "last": "Mubareka",
                    "suffix": ""
                },
                {
                    "first": "J",
                    "middle": [],
                    "last": "Steel",
                    "suffix": ""
                }
            ],
            "year": 2007,
            "venue": "PLoS Pathog",
            "volume": "3",
            "issn": "",
            "pages": "1470--1476",
            "other_ids": {}
        },
        "BIBREF29": {
            "ref_id": "b29",
            "title": "The guinea pig as a transmission model for human influenza viruses",
            "authors": [
                {
                    "first": "A C",
                    "middle": [],
                    "last": "Lowen",
                    "suffix": ""
                },
                {
                    "first": "S",
                    "middle": [],
                    "last": "Mubareka",
                    "suffix": ""
                },
                {
                    "first": "T M",
                    "middle": [],
                    "last": "Tumpey",
                    "suffix": ""
                }
            ],
            "year": 2006,
            "venue": "Proc Natl Acad Sci",
            "volume": "103",
            "issn": "",
            "pages": "9988--9992",
            "other_ids": {}
        },
        "BIBREF30": {
            "ref_id": "b30",
            "title": "Survival of airborne influenza virus: Effects of propagating host, relative humidity, and composition of spray fluids",
            "authors": [
                {
                    "first": "F L",
                    "middle": [],
                    "last": "Schaffer",
                    "suffix": ""
                },
                {
                    "first": "M E",
                    "middle": [],
                    "last": "Soergel",
                    "suffix": ""
                },
                {
                    "first": "D",
                    "middle": [],
                    "last": "Straube",
                    "suffix": ""
                }
            ],
            "year": 1976,
            "venue": "Arch Virol",
            "volume": "51",
            "issn": "",
            "pages": "263--273",
            "other_ids": {}
        },
        "BIBREF31": {
            "ref_id": "b31",
            "title": "Absolute humidity and pandemic versus epidemic influenza",
            "authors": [
                {
                    "first": "J",
                    "middle": [],
                    "last": "Shaman",
                    "suffix": ""
                },
                {
                    "first": "E",
                    "middle": [],
                    "last": "Goldstein",
                    "suffix": ""
                },
                {
                    "first": "M",
                    "middle": [],
                    "last": "Lipsitch",
                    "suffix": ""
                }
            ],
            "year": 2011,
            "venue": "Am J Epidemiol",
            "volume": "173",
            "issn": "",
            "pages": "127--135",
            "other_ids": {}
        },
        "BIBREF32": {
            "ref_id": "b32",
            "title": "Absolute humidity modulates influenza survival, transmission, and seasonality",
            "authors": [
                {
                    "first": "J",
                    "middle": [],
                    "last": "Shaman",
                    "suffix": ""
                },
                {
                    "first": "M",
                    "middle": [],
                    "last": "Kohn",
                    "suffix": ""
                }
            ],
            "year": 2009,
            "venue": "Proc Natl Acad Sci",
            "volume": "106",
            "issn": "",
            "pages": "3243--3248",
            "other_ids": {}
        },
        "BIBREF33": {
            "ref_id": "b33",
            "title": "Absolute humidity and the seasonal onset of influenza in the continental United States",
            "authors": [
                {
                    "first": "J",
                    "middle": [],
                    "last": "Shaman",
                    "suffix": ""
                },
                {
                    "first": "V E",
                    "middle": [],
                    "last": "Pitzer",
                    "suffix": ""
                },
                {
                    "first": "C",
                    "middle": [],
                    "last": "Viboud",
                    "suffix": ""
                }
            ],
            "year": 2010,
            "venue": "PLoS Biol",
            "volume": "8",
            "issn": "",
            "pages": "",
            "other_ids": {}
        },
        "BIBREF34": {
            "ref_id": "b34",
            "title": "Structural explanation for the effect of humidity on persistence of airborne virus: Seasonality of influenza",
            "authors": [
                {
                    "first": "Minhaz",
                    "middle": [],
                    "last": "Ud-Dean",
                    "suffix": ""
                },
                {
                    "first": "S",
                    "middle": [],
                    "last": "",
                    "suffix": ""
                }
            ],
            "year": 2010,
            "venue": "J Theor Biol",
            "volume": "264",
            "issn": "",
            "pages": "822--829",
            "other_ids": {}
        },
        "BIBREF35": {
            "ref_id": "b35",
            "title": "Aerosol influenza transmission risk contours: A study of humid tropics versus winter temperate zone",
            "authors": [
                {
                    "first": "H",
                    "middle": [],
                    "last": "Brian",
                    "suffix": ""
                },
                {
                    "first": "B",
                    "middle": [],
                    "last": "Birthe",
                    "suffix": ""
                }
            ],
            "year": 2010,
            "venue": "Virol J",
            "volume": "7",
            "issn": "",
            "pages": "",
            "other_ids": {}
        },
        "BIBREF36": {
            "ref_id": "b36",
            "title": "Experimental transmission of influenza virus infection in mice. II. Some facotrs affecting the incidence of transmitted infection",
            "authors": [
                {
                    "first": "J L",
                    "middle": [],
                    "last": "Schulman",
                    "suffix": ""
                },
                {
                    "first": "E",
                    "middle": [],
                    "last": "Kilbourne",
                    "suffix": ""
                }
            ],
            "year": 1967,
            "venue": "J Exp Med",
            "volume": "118",
            "issn": "",
            "pages": "267--275",
            "other_ids": {}
        },
        "BIBREF37": {
            "ref_id": "b37",
            "title": "Airborne micro-organisms: Survival tests with four viruses",
            "authors": [
                {
                    "first": "G",
                    "middle": [],
                    "last": "Harper",
                    "suffix": ""
                }
            ],
            "year": 1961,
            "venue": "J Hyg",
            "volume": "59",
            "issn": "",
            "pages": "479--486",
            "other_ids": {}
        },
        "BIBREF38": {
            "ref_id": "b38",
            "title": "Virus survival as a seasonal factor in influenza and poliomyelitis",
            "authors": [
                {
                    "first": "J H",
                    "middle": [],
                    "last": "Hemmes",
                    "suffix": ""
                },
                {
                    "first": "K C",
                    "middle": [],
                    "last": "Winkler",
                    "suffix": ""
                },
                {
                    "first": "S",
                    "middle": [
                        "M"
                    ],
                    "last": "Kool",
                    "suffix": ""
                }
            ],
            "year": 1960,
            "venue": "Nature",
            "volume": "188",
            "issn": "",
            "pages": "430--431",
            "other_ids": {}
        },
        "BIBREF39": {
            "ref_id": "b39",
            "title": "Study on meteorological factors during the Changsha pandemic influenza A (H1N1) epidemics",
            "authors": [
                {
                    "first": "H",
                    "middle": [],
                    "last": "Xiao",
                    "suffix": ""
                },
                {
                    "first": "H Y",
                    "middle": [],
                    "last": "Tian",
                    "suffix": ""
                },
                {
                    "first": "J",
                    "middle": [],
                    "last": "Zhao",
                    "suffix": ""
                }
            ],
            "year": 2011,
            "venue": "Chin J Epidemiol",
            "volume": "32",
            "issn": "",
            "pages": "529--530",
            "other_ids": {}
        },
        "BIBREF40": {
            "ref_id": "b40",
            "title": "Stochastic dynamic model of SARS spreading",
            "authors": [
                {
                    "first": "Y",
                    "middle": [],
                    "last": "Shi",
                    "suffix": ""
                }
            ],
            "year": 2003,
            "venue": "Chin Sci Bull",
            "volume": "48",
            "issn": "",
            "pages": "1373--1377",
            "other_ids": {}
        },
        "BIBREF41": {
            "ref_id": "b41",
            "title": "Control dynamics of severe acute respiratory syndrome transmission",
            "authors": [
                {
                    "first": "H Y",
                    "middle": [],
                    "last": "Wang",
                    "suffix": ""
                },
                {
                    "first": "F",
                    "middle": [],
                    "last": "Rong",
                    "suffix": ""
                },
                {
                    "first": "F J",
                    "middle": [],
                    "last": "Ke",
                    "suffix": ""
                }
            ],
            "year": 2003,
            "venue": "Chin Sci Bull",
            "volume": "48",
            "issn": "",
            "pages": "2684--2687",
            "other_ids": {}
        },
        "BIBREF42": {
            "ref_id": "b42",
            "title": "The novel H1N1 influenza A global airline transmission and early warning without travel containments",
            "authors": [
                {
                    "first": "C Y",
                    "middle": [],
                    "last": "Chang",
                    "suffix": ""
                },
                {
                    "first": "C X",
                    "middle": [],
                    "last": "Cao",
                    "suffix": ""
                },
                {
                    "first": "Q",
                    "middle": [],
                    "last": "Wang",
                    "suffix": ""
                }
            ],
            "year": 2010,
            "venue": "Chin Sci Bull",
            "volume": "55",
            "issn": "",
            "pages": "3030--3036",
            "other_ids": {}
        },
        "BIBREF43": {
            "ref_id": "b43",
            "title": "Influenza A (H1N1) transmission by road traffic between cities and towns",
            "authors": [
                {
                    "first": "H",
                    "middle": [],
                    "last": "Xiao",
                    "suffix": ""
                },
                {
                    "first": "H Y",
                    "middle": [],
                    "last": "Tian",
                    "suffix": ""
                },
                {
                    "first": "J",
                    "middle": [],
                    "last": "Zhao",
                    "suffix": ""
                }
            ],
            "year": 2011,
            "venue": "Chin Sci Bull",
            "volume": "56",
            "issn": "",
            "pages": "2613--2620",
            "other_ids": {}
        },
        "BIBREF44": {
            "ref_id": "b44",
            "title": "Transmissibility of 1918 pandemic influenza",
            "authors": [
                {
                    "first": "C E",
                    "middle": [],
                    "last": "Mills",
                    "suffix": ""
                },
                {
                    "first": "J M",
                    "middle": [],
                    "last": "Robins",
                    "suffix": ""
                },
                {
                    "first": "M",
                    "middle": [],
                    "last": "Lipsitch",
                    "suffix": ""
                }
            ],
            "year": 2004,
            "venue": "Nature",
            "volume": "432",
            "issn": "",
            "pages": "904--906",
            "other_ids": {}
        },
        "BIBREF45": {
            "ref_id": "b45",
            "title": "Strategies for containing an emerging influenza pandemic in Southeast Asia",
            "authors": [
                {
                    "first": "N M",
                    "middle": [],
                    "last": "Ferguson",
                    "suffix": ""
                },
                {
                    "first": "D A T",
                    "middle": [],
                    "last": "Cummings",
                    "suffix": ""
                },
                {
                    "first": "S",
                    "middle": [],
                    "last": "Cauchemez",
                    "suffix": ""
                }
            ],
            "year": 2005,
            "venue": "Nature",
            "volume": "437",
            "issn": "",
            "pages": "209--214",
            "other_ids": {}
        },
        "BIBREF46": {
            "ref_id": "b46",
            "title": "Strategies for mitigating an influenza pandemic",
            "authors": [
                {
                    "first": "N M",
                    "middle": [],
                    "last": "Ferguson",
                    "suffix": ""
                },
                {
                    "first": "D A T",
                    "middle": [],
                    "last": "Cummings",
                    "suffix": ""
                },
                {
                    "first": "C",
                    "middle": [],
                    "last": "Fraser",
                    "suffix": ""
                }
            ],
            "year": 2006,
            "venue": "Nature",
            "volume": "442",
            "issn": "",
            "pages": "448--452",
            "other_ids": {}
        },
        "BIBREF47": {
            "ref_id": "b47",
            "title": "Containing pandemic influenza at the source",
            "authors": [
                {
                    "first": "I M",
                    "middle": [],
                    "last": "Longini",
                    "suffix": ""
                },
                {
                    "first": "A",
                    "middle": [],
                    "last": "Nizam",
                    "suffix": ""
                },
                {
                    "first": "S",
                    "middle": [],
                    "last": "Xu",
                    "suffix": ""
                }
            ],
            "year": 2005,
            "venue": "Science",
            "volume": "309",
            "issn": "",
            "pages": "1083--1087",
            "other_ids": {}
        },
        "BIBREF48": {
            "ref_id": "b48",
            "title": "Estimates of the reproduction numbers of Spanish influenza using morbidity data",
            "authors": [
                {
                    "first": "E",
                    "middle": [],
                    "last": "Vynnycky",
                    "suffix": ""
                },
                {
                    "first": "A",
                    "middle": [],
                    "last": "Trindall",
                    "suffix": ""
                },
                {
                    "first": "P",
                    "middle": [],
                    "last": "Mangtani",
                    "suffix": ""
                }
            ],
            "year": 2007,
            "venue": "Int J Epidemiol",
            "volume": "36",
            "issn": "",
            "pages": "881--889",
            "other_ids": {}
        },
        "BIBREF49": {
            "ref_id": "b49",
            "title": "Transmissibility of swine flu at Fort Dix, 1976",
            "authors": [
                {
                    "first": "J",
                    "middle": [],
                    "last": "Lessler",
                    "suffix": ""
                },
                {
                    "first": "D A T",
                    "middle": [],
                    "last": "Cummings",
                    "suffix": ""
                },
                {
                    "first": "S",
                    "middle": [],
                    "last": "Fishman",
                    "suffix": ""
                }
            ],
            "year": 2007,
            "venue": "J R Soc Interface",
            "volume": "4",
            "issn": "",
            "pages": "755--762",
            "other_ids": {}
        },
        "BIBREF50": {
            "ref_id": "b50",
            "title": "Influenza seasonality: Lifting the fog",
            "authors": [
                {
                    "first": "M",
                    "middle": [],
                    "last": "Lipsitch",
                    "suffix": ""
                },
                {
                    "first": "C",
                    "middle": [],
                    "last": "Viboud",
                    "suffix": ""
                }
            ],
            "year": 2009,
            "venue": "Proc Natl Acad Sci",
            "volume": "106",
            "issn": "",
            "pages": "3645--3646",
            "other_ids": {}
        },
        "BIBREF51": {
            "ref_id": "b51",
            "title": "Climate and human health: Synthesizing environmental complexity and uncertainty",
            "authors": [
                {
                    "first": "J D",
                    "middle": [],
                    "last": "Tamerius",
                    "suffix": ""
                },
                {
                    "first": "E K",
                    "middle": [],
                    "last": "Wise",
                    "suffix": ""
                },
                {
                    "first": "C K",
                    "middle": [],
                    "last": "Uejio",
                    "suffix": ""
                }
            ],
            "year": 2007,
            "venue": "Stoch Env Res Risk A",
            "volume": "21",
            "issn": "",
            "pages": "601--613",
            "other_ids": {}
        },
        "BIBREF52": {
            "ref_id": "b52",
            "title": "Some extreme events of weather, climate and related phenomena in 2009",
            "authors": [
                {
                    "first": "H B",
                    "middle": [],
                    "last": "Chen",
                    "suffix": ""
                },
                {
                    "first": "X",
                    "middle": [],
                    "last": "Fan",
                    "suffix": ""
                }
            ],
            "year": 2010,
            "venue": "Clim Environ Res",
            "volume": "15",
            "issn": "",
            "pages": "322--336",
            "other_ids": {}
        },
        "BIBREF53": {
            "ref_id": "b53",
            "title": "Asynchronous Response of Droughts to ENSO in China",
            "authors": [
                {
                    "first": "A G",
                    "middle": [],
                    "last": "Lu",
                    "suffix": ""
                },
                {
                    "first": "J P",
                    "middle": [],
                    "last": "Ge",
                    "suffix": ""
                },
                {
                    "first": "D Q",
                    "middle": [],
                    "last": "Pang",
                    "suffix": ""
                }
            ],
            "year": 2006,
            "venue": "J Glaciol Geocryol",
            "volume": "28",
            "issn": "",
            "pages": "535--542",
            "other_ids": {}
        },
        "BIBREF54": {
            "ref_id": "b54",
            "title": "Association of influenza epidemics with global climate variability",
            "authors": [
                {
                    "first": "C",
                    "middle": [],
                    "last": "Viboud",
                    "suffix": ""
                },
                {
                    "first": "K",
                    "middle": [],
                    "last": "Pakdaman",
                    "suffix": ""
                },
                {
                    "first": "P Y",
                    "middle": [],
                    "last": "Bo\u00eblle",
                    "suffix": ""
                }
            ],
            "year": 2004,
            "venue": "Eur J Epidemiol",
            "volume": "19",
            "issn": "",
            "pages": "1055--1059",
            "other_ids": {}
        },
        "BIBREF55": {
            "ref_id": "b55",
            "title": "The role of population heterogeneity and human mobility in the spread of pandemic influenza",
            "authors": [
                {
                    "first": "S",
                    "middle": [],
                    "last": "Merler",
                    "suffix": ""
                },
                {
                    "first": "M",
                    "middle": [],
                    "last": "Ajelli",
                    "suffix": ""
                }
            ],
            "year": 2010,
            "venue": "Proc Biol Sci",
            "volume": "277",
            "issn": "",
            "pages": "557--565",
            "other_ids": {}
        }
    },
    "ref_entries": {
        "FIGREF0": {
            "text": "Daily interpolation of meteorological data and the spatial-temporal records of infections. (a) Meteorological stations in the study area; (b) interpolation of daily meteorological data and the distribution of infections.",
            "latex": null,
            "type": "figure"
        },
        "FIGREF1": {
            "text": "The experimental results of the transmission ability of influenza virus. Significance of each model fit was assessed by using the t statistic for which the P value is shown in the legend. (a) Relative humidity regression (H3N2); (b) relative humidity regression (H1N1); (c) temperature regression (H3N2); (d) temperature regression (H1N1); (e) absolute humidity regression (H3N2); (f) absolute humidity regression (H1N1).",
            "latex": null,
            "type": "figure"
        },
        "FIGREF2": {
            "text": "Weather records and the corresponding prevalence of cases.",
            "latex": null,
            "type": "figure"
        },
        "FIGREF3": {
            "text": "o: Under a corresponding climate condition.",
            "latex": null,
            "type": "figure"
        },
        "FIGREF4": {
            "text": "Abnormal weather and corresponding number of cases during influenza A (H1N1) flu outbreak in Changsha City.",
            "latex": null,
            "type": "figure"
        },
        "FIGREF5": {
            "text": "Daily incidence of influenza A (H1N1) cases in relation to the period of abnormal meteorological conditions in Changsha City, 2009.",
            "latex": null,
            "type": "figure"
        },
        "FIGREF6": {
            "text": "We wish to express our thanks to the anonymous referees for their helpful comments on an earlier draft of this article. This work was supported by Hunan Provincial Natural Science Foundation of China (11JJ3119), the Key Discipline Construction Project in Hunan Province (2008001), and the Scientific Research Fund of Hunan Provincial Education Department(11K037).",
            "latex": null,
            "type": "figure"
        },
        "TABREF1": {
            "text": "Data source and description",
            "latex": null,
            "type": "table"
        },
        "TABREF2": {
            "text": "Statistical representation of the correlation between the number of cases and days with variable weather conditions a)",
            "latex": null,
            "type": "table"
        }
    },
    "back_matter": []
}