{
    "paper_id": "27ae3f39b9760d891f7c8f2fd3d1b6d5e038f232",
    "metadata": {
        "title": "Comparison data of a two-target real-time PCR assay with and without an internal control in detecting Salmonella enterica from cattle lymph nodes",
        "authors": [
            {
                "first": "Jianfa",
                "middle": [],
                "last": "Bai",
                "suffix": "",
                "affiliation": {
                    "laboratory": "",
                    "institution": "Kansas State University",
                    "location": {
                        "postCode": "66506",
                        "settlement": "Manhattan",
                        "region": "KS",
                        "country": "Unites States"
                    }
                },
                "email": ""
            },
            {
                "first": "Valentina",
                "middle": [],
                "last": "Trinetta",
                "suffix": "",
                "affiliation": {
                    "laboratory": "",
                    "institution": "Kansas State University",
                    "location": {
                        "postCode": "66506",
                        "settlement": "Manhattan",
                        "region": "KS",
                        "country": "United States"
                    }
                },
                "email": ""
            },
            {
                "first": "Xiaorong",
                "middle": [],
                "last": "Shi",
                "suffix": "",
                "affiliation": {
                    "laboratory": "",
                    "institution": "Kansas State University",
                    "location": {
                        "postCode": "66506",
                        "settlement": "Manhattan",
                        "region": "KS",
                        "country": "United States"
                    }
                },
                "email": ""
            },
            {
                "first": "Lance",
                "middle": [
                    "W"
                ],
                "last": "Noll",
                "suffix": "",
                "affiliation": {
                    "laboratory": "",
                    "institution": "Kansas State University",
                    "location": {
                        "postCode": "66506",
                        "settlement": "Manhattan",
                        "region": "KS",
                        "country": "Unites States"
                    }
                },
                "email": ""
            },
            {
                "first": "Gabriela",
                "middle": [],
                "last": "Magossi",
                "suffix": "",
                "affiliation": {
                    "laboratory": "",
                    "institution": "Kansas State University",
                    "location": {
                        "postCode": "66506",
                        "settlement": "Manhattan",
                        "region": "KS",
                        "country": "United States"
                    }
                },
                "email": ""
            },
            {
                "first": "Wanglong",
                "middle": [],
                "last": "Zheng",
                "suffix": "",
                "affiliation": {
                    "laboratory": "",
                    "institution": "Kansas State University",
                    "location": {
                        "postCode": "66506",
                        "settlement": "Manhattan",
                        "region": "KS",
                        "country": "Unites States"
                    }
                },
                "email": ""
            },
            {
                "first": "Elizabeth",
                "middle": [
                    "P"
                ],
                "last": "Porter",
                "suffix": "",
                "affiliation": {
                    "laboratory": "",
                    "institution": "Kansas State University",
                    "location": {
                        "postCode": "66506",
                        "settlement": "Manhattan",
                        "region": "KS",
                        "country": "Unites States"
                    }
                },
                "email": ""
            },
            {
                "first": "Natalia",
                "middle": [],
                "last": "Cernicchiaro",
                "suffix": "",
                "affiliation": {
                    "laboratory": "",
                    "institution": "Kansas State University",
                    "location": {
                        "postCode": "66506",
                        "settlement": "Manhattan",
                        "region": "KS",
                        "country": "United States"
                    }
                },
                "email": ""
            },
            {
                "first": "David",
                "middle": [
                    "G"
                ],
                "last": "Renter",
                "suffix": "",
                "affiliation": {
                    "laboratory": "",
                    "institution": "Kansas State University",
                    "location": {
                        "postCode": "66506",
                        "settlement": "Manhattan",
                        "region": "KS",
                        "country": "United States"
                    }
                },
                "email": ""
            },
            {
                "first": "Tiruvoor",
                "middle": [
                    "G"
                ],
                "last": "Nagaraja",
                "suffix": "",
                "affiliation": {
                    "laboratory": "",
                    "institution": "Kansas State University",
                    "location": {
                        "postCode": "66506",
                        "settlement": "Manhattan",
                        "region": "KS",
                        "country": "United States"
                    }
                },
                "email": ""
            }
        ]
    },
    "abstract": [],
    "body_text": [
        {
            "text": "A real-time PCR (qPCR) assay targeting on invA and pagC genes was developed and validated for the detection and quantification of Salmonella enterica strains (Bai et al., 2018) [1] . A host gene, normally an endogenous housekeeping gene (Beer-Davidson et al., 2018; Poon et al., 2004) [2, 3] , or an irrelevant exogenous gene (Cheng et al., 2015; Sedlak et al., 2014) [4, 5] has been widely used as an internal control to monitor nucleic acid extraction efficiencies and potential PCR inhibitions in PCR-based detection assays. An endogenous internal control designed based on the 18S rRNA gene was used in the above-mentioned qPCR assay. This 18S rRNA internal control amplifies the target gene in multiple species including bovine, swine, ovine, caprine and cervine. Data was generated by the duplex qPCR assay on 138 enriched cattle lymph node samples without the internal control, and compared with data on the same samples tested by the triplex qPCR assay that has Similar threshold cycle (Ct) data were generated with and without the use of the 18S rRNA gene as internal control.",
            "cite_spans": [
                {
                    "start": 158,
                    "end": 176,
                    "text": "(Bai et al., 2018)",
                    "ref_id": "BIBREF0"
                },
                {
                    "start": 177,
                    "end": 180,
                    "text": "[1]",
                    "ref_id": "BIBREF0"
                },
                {
                    "start": 266,
                    "end": 284,
                    "text": "Poon et al., 2004)",
                    "ref_id": "BIBREF2"
                },
                {
                    "start": 285,
                    "end": 288,
                    "text": "[2,",
                    "ref_id": "BIBREF1"
                },
                {
                    "start": 289,
                    "end": 291,
                    "text": "3]",
                    "ref_id": "BIBREF2"
                },
                {
                    "start": 326,
                    "end": 346,
                    "text": "(Cheng et al., 2015;",
                    "ref_id": "BIBREF3"
                },
                {
                    "start": 347,
                    "end": 367,
                    "text": "Sedlak et al., 2014)",
                    "ref_id": "BIBREF4"
                },
                {
                    "start": 368,
                    "end": 371,
                    "text": "[4,",
                    "ref_id": "BIBREF3"
                },
                {
                    "start": 372,
                    "end": 374,
                    "text": "5]",
                    "ref_id": "BIBREF4"
                }
            ],
            "ref_spans": [],
            "section": "a b s t r a c t"
        },
        {
            "text": "Although an internal control is strongly recommended for real-time PCR assays in diagnostic settings, it may be optional to use for certain research projects like the one reported here.",
            "cite_spans": [],
            "ref_spans": [],
            "section": "a b s t r a c t"
        },
        {
            "text": "Real-time PCR (qPCR) test data on 138 culture-enriched cattle lymph node samples for Salmonella enterica detections is shown in Table 1 . Data were generated by: 1) A duplex qPCR assay using invA and pagC genes; and 2) A triplex qPCR assay using invA, pagC, and 18S rRNA gene as an internal control. The Ct differences between the duplex and triplex qPCR assays are also presented in the last two columns in Table 1 .",
            "cite_spans": [],
            "ref_spans": [
                {
                    "start": 128,
                    "end": 135,
                    "text": "Table 1",
                    "ref_id": "TABREF2"
                },
                {
                    "start": 408,
                    "end": 415,
                    "text": "Table 1",
                    "ref_id": "TABREF2"
                }
            ],
            "section": "Data"
        },
        {
            "text": "A total of 647 subiliac lymph nodes were collected from cattle procured from Texas, Oklahoma, Kansas, and South Dakota [6] and transported in cold storage to the Kansas State University for processing within 24 h. Each lymph node was manually trimmed to remove fat and fascia tissues. Trimmed lymph nodes were surface sterilized by a 5 sec submersion in boiling water, placed in a sterile bag, then manually pulverized with a rubber mallet. Eighty milliliters of TSB was added to each bag and sterilized lymph nodes were then homogenized for 30 s in a Stomacher 80 Biomaster (Thomas Scientific, Swedesboro, NJ) prior to culture-enrichment. The enrichment procedure has been described [6, 7] . Briefly, the homogenate was incubated at 25\u00b0C for 2 h then at 42\u00b0C for 12 h. One Table 1 Real-time PCR threshold cycle (Ct) data on 138 Salmonella-positive cattle lymph node samples with and without the 18S rRNA internal control.",
            "cite_spans": [
                {
                    "start": 119,
                    "end": 122,
                    "text": "[6]",
                    "ref_id": "BIBREF5"
                },
                {
                    "start": 684,
                    "end": 687,
                    "text": "[6,",
                    "ref_id": "BIBREF5"
                },
                {
                    "start": 688,
                    "end": 690,
                    "text": "7]",
                    "ref_id": "BIBREF6"
                }
            ],
            "ref_spans": [
                {
                    "start": 774,
                    "end": 781,
                    "text": "Table 1",
                    "ref_id": "TABREF2"
                }
            ],
            "section": "Experimental design, materials and methods"
        },
        {
            "text": "Sample ID Three-gene qPCR data Two-gene qPCR data Ct difference (three-gene Ct minus two-gene Ct) milliliter of enriched homogenate was then subjected to immunomagnetic separation using 20 \u00b5l anti-Salmonella beads. One hundred microliters of PBS was added to the final immunomagnetic separation step. The bead suspension was then transferred into 3 mL RV broth and incubated at 42\u00b0C for 18-20 h. One hundred microliters of enriched homogenate was streaked onto HE agar plates and incubated at 37\u00b0C for 24 h. Six dark-colored colonies with morphology consistent with Salmonella were re-streaked onto BAPs and incubated at 37\u00b0C for 18-20 h. The resulting cultures was used for DNA extraction by boiling 1 ml of culture for 10 min and centrifuging at 9300 g for 5 min; the supernatant was used as template for the qPCR reactions with the duplex qPCR assay using both invA and pagC genes as molecular targets. Endogenous housekeeping genes [2, 3] , or irrelevant exogenous gene [4, 5] have been widely used as internal controls to monitor nucleic acid extraction efficiencies and potential PCR inhibitions in PCR-based detection assays. We have selected an endogenous housekeepig gene, 18S rRNA gene, as internal control in this study. Randomly selected 138 duplex qPCR-positive samples were proceed with the triplex qPCR assay using the same molecular targets, and with an 18S rRNA gene as internal control [1] . Comparison data using the duplex and triplex assays is presented in Table 1 .",
            "cite_spans": [
                {
                    "start": 936,
                    "end": 939,
                    "text": "[2,",
                    "ref_id": "BIBREF1"
                },
                {
                    "start": 940,
                    "end": 942,
                    "text": "3]",
                    "ref_id": "BIBREF2"
                },
                {
                    "start": 974,
                    "end": 977,
                    "text": "[4,",
                    "ref_id": "BIBREF3"
                },
                {
                    "start": 978,
                    "end": 980,
                    "text": "5]",
                    "ref_id": "BIBREF4"
                },
                {
                    "start": 1404,
                    "end": 1407,
                    "text": "[1]",
                    "ref_id": "BIBREF0"
                }
            ],
            "ref_spans": [
                {
                    "start": 1478,
                    "end": 1485,
                    "text": "Table 1",
                    "ref_id": "TABREF2"
                }
            ],
            "section": "Experimental design, materials and methods"
        },
        {
            "text": "Supplementary data associated with this article can be found in the online version at http://dx.doi. org/10.1016/j.dib.2018.04.051. ",
            "cite_spans": [],
            "ref_spans": [],
            "section": "Transparency document. Supporting information"
        }
    ],
    "bib_entries": {
        "BIBREF0": {
            "ref_id": "b0",
            "title": "A multiplex real-time PCR assay, based on invA and pagC genes, for the detection and quantification of Salmonella enterica from cattle lymph nodes",
            "authors": [
                {
                    "first": "J",
                    "middle": [],
                    "last": "Bai",
                    "suffix": ""
                },
                {
                    "first": "V",
                    "middle": [],
                    "last": "Trinetta",
                    "suffix": ""
                },
                {
                    "first": "X",
                    "middle": [],
                    "last": "Shi",
                    "suffix": ""
                },
                {
                    "first": "L",
                    "middle": [
                        "W"
                    ],
                    "last": "Noll",
                    "suffix": ""
                },
                {
                    "first": "G",
                    "middle": [],
                    "last": "Magossi",
                    "suffix": ""
                },
                {
                    "first": "W",
                    "middle": [],
                    "last": "Zheng",
                    "suffix": ""
                },
                {
                    "first": "E",
                    "middle": [
                        "P"
                    ],
                    "last": "Porter",
                    "suffix": ""
                },
                {
                    "first": "N",
                    "middle": [],
                    "last": "Cernicchiaro",
                    "suffix": ""
                },
                {
                    "first": "D",
                    "middle": [
                        "G"
                    ],
                    "last": "Renter",
                    "suffix": ""
                },
                {
                    "first": "T",
                    "middle": [
                        "G"
                    ],
                    "last": "Nagaraja",
                    "suffix": ""
                }
            ],
            "year": 2018,
            "venue": "J. Microbiol. Methods",
            "volume": "148",
            "issn": "",
            "pages": "110--116",
            "other_ids": {
                "DOI": [
                    "10.1016/j.mimet.2018.03.019"
                ]
            }
        },
        "BIBREF1": {
            "ref_id": "b1",
            "title": "Detection of Helicobacter pylori in stool samples of young children using realtime polymerase chain reaction",
            "authors": [
                {
                    "first": "G",
                    "middle": [],
                    "last": "Beer-Davidson",
                    "suffix": ""
                },
                {
                    "first": "M",
                    "middle": [],
                    "last": "Hindiyeh",
                    "suffix": ""
                },
                {
                    "first": "K",
                    "middle": [],
                    "last": "Muhsen",
                    "suffix": ""
                }
            ],
            "year": 2018,
            "venue": "Helicobacter",
            "volume": "23",
            "issn": "1",
            "pages": "1--11",
            "other_ids": {}
        },
        "BIBREF2": {
            "ref_id": "b2",
            "title": "A one step quantitative RT-PCR for detection of SARS coronavirus with an internal control for PCR inhibitors",
            "authors": [
                {
                    "first": "L",
                    "middle": [
                        "L"
                    ],
                    "last": "Poon",
                    "suffix": ""
                },
                {
                    "first": "B",
                    "middle": [
                        "W"
                    ],
                    "last": "Wong",
                    "suffix": ""
                },
                {
                    "first": "K",
                    "middle": [
                        "H"
                    ],
                    "last": "Chan",
                    "suffix": ""
                },
                {
                    "first": "C",
                    "middle": [
                        "S"
                    ],
                    "last": "Leung",
                    "suffix": ""
                },
                {
                    "first": "K",
                    "middle": [
                        "Y"
                    ],
                    "last": "Yuen",
                    "suffix": ""
                },
                {
                    "first": "Y",
                    "middle": [],
                    "last": "Guan",
                    "suffix": ""
                },
                {
                    "first": "J",
                    "middle": [
                        "S"
                    ],
                    "last": "Peiris",
                    "suffix": ""
                }
            ],
            "year": 2004,
            "venue": "J. Clin. Virol.: Off. Publ. Pan Am. Soc. Clin. Virol",
            "volume": "30",
            "issn": "3",
            "pages": "214--217",
            "other_ids": {}
        },
        "BIBREF3": {
            "ref_id": "b3",
            "title": "Interlaboratory validation for a real-time PCR Salmonella detection method using the ABI 7500 FAST real-time PCR system",
            "authors": [
                {
                    "first": "C",
                    "middle": [
                        "M"
                    ],
                    "last": "Cheng",
                    "suffix": ""
                },
                {
                    "first": "T",
                    "middle": [],
                    "last": "Doran",
                    "suffix": ""
                },
                {
                    "first": "W",
                    "middle": [],
                    "last": "Lin",
                    "suffix": ""
                },
                {
                    "first": "K",
                    "middle": [
                        "S"
                    ],
                    "last": "Chen",
                    "suffix": ""
                },
                {
                    "first": "D",
                    "middle": [],
                    "last": "Williams-Hill",
                    "suffix": ""
                },
                {
                    "first": "R",
                    "middle": [],
                    "last": "Pamboukian",
                    "suffix": ""
                }
            ],
            "year": 2015,
            "venue": "J. Food Prot",
            "volume": "78",
            "issn": "6",
            "pages": "1119--1124",
            "other_ids": {}
        },
        "BIBREF4": {
            "ref_id": "b4",
            "title": "A multiplexed droplet digital PCR assay performs better than qPCR on inhibition prone samples",
            "authors": [
                {
                    "first": "R",
                    "middle": [
                        "H"
                    ],
                    "last": "Sedlak",
                    "suffix": ""
                },
                {
                    "first": "J",
                    "middle": [],
                    "last": "Kuypers",
                    "suffix": ""
                },
                {
                    "first": "K",
                    "middle": [
                        "R"
                    ],
                    "last": "Jerome",
                    "suffix": ""
                }
            ],
            "year": 2014,
            "venue": "Diagn. Microbiol. Infect. Dis",
            "volume": "80",
            "issn": "4",
            "pages": "285--286",
            "other_ids": {}
        },
        "BIBREF5": {
            "ref_id": "b5",
            "title": "Efficacy of a salmonella siderophore receptor protein vaccine on fecal shedding and lymph node carriage of Salmonella in commercial feedlot cattle",
            "authors": [
                {
                    "first": "N",
                    "middle": [],
                    "last": "Cernicchiaro",
                    "suffix": ""
                },
                {
                    "first": "S",
                    "middle": [
                        "E"
                    ],
                    "last": "Ives",
                    "suffix": ""
                },
                {
                    "first": "T",
                    "middle": [
                        "S"
                    ],
                    "last": "Edrington",
                    "suffix": ""
                },
                {
                    "first": "T",
                    "middle": [
                        "G"
                    ],
                    "last": "Nagaraja",
                    "suffix": ""
                },
                {
                    "first": "D",
                    "middle": [
                        "G"
                    ],
                    "last": "Renter",
                    "suffix": ""
                }
            ],
            "year": 2016,
            "venue": "Foodborne Pathog. Dis",
            "volume": "13",
            "issn": "9",
            "pages": "517--525",
            "other_ids": {}
        },
        "BIBREF6": {
            "ref_id": "b6",
            "title": "Microbiological analysis of bovine lymph nodes for the detection of Salmonella enterica",
            "authors": [
                {
                    "first": "D",
                    "middle": [
                        "M"
                    ],
                    "last": "Brichta-Harhay",
                    "suffix": ""
                },
                {
                    "first": "T",
                    "middle": [
                        "M"
                    ],
                    "last": "Arthur",
                    "suffix": ""
                },
                {
                    "first": "J",
                    "middle": [
                        "M"
                    ],
                    "last": "Bosilevac",
                    "suffix": ""
                },
                {
                    "first": "N",
                    "middle": [],
                    "last": "Kalchayanand",
                    "suffix": ""
                },
                {
                    "first": "J",
                    "middle": [
                        "W"
                    ],
                    "last": "Schmidt",
                    "suffix": ""
                },
                {
                    "first": "R",
                    "middle": [],
                    "last": "Wang",
                    "suffix": ""
                },
                {
                    "first": "S",
                    "middle": [
                        "D"
                    ],
                    "last": "Shackelford",
                    "suffix": ""
                },
                {
                    "first": "G",
                    "middle": [
                        "H"
                    ],
                    "last": "Loneragan",
                    "suffix": ""
                },
                {
                    "first": "T",
                    "middle": [
                        "L"
                    ],
                    "last": "Wheeler",
                    "suffix": ""
                }
            ],
            "year": 2012,
            "venue": "J. Food Prot",
            "volume": "75",
            "issn": "5",
            "pages": "854--858",
            "other_ids": {}
        }
    },
    "ref_entries": {
        "TABREF0": {
            "text": "Contents lists available atScienceDirect journal homepage: www.elsevier.com/locate/dib the 18S rRNA gene as internal control. Threshold cycle (Ct) data for the duplex and the triplex qPCR on the 138 samples were similar, and are presented in this brief report. & 2018 The Authors. Published by Elsevier Inc. This is an open access article under the CC BY license (http://creativecommons.org/licenses/by/4.0/). Cattle were procured from Texas, Oklahoma, Kansas, and South Dakota Data accessibilityAll data is accessible from this articleValue of the dataAn internal control was used and showed value in monitoring nucleic acid extraction efficiencies in a real-time PCR assay for Salmonella enterica detection.",
            "latex": null,
            "type": "table"
        },
        "TABREF2": {
            "text": "Sample ID Three-gene qPCR data Two-gene qPCR data Ct difference (three-gene Ct minus two-gene Ct)invA-FAM pagC-VIC 18S-Cy5* invA-FAM pagC-VIC invA pagCRelatively high Ct values for the 18S rRNA internal control gene was caused by dilutions of host cells during cultureenrichment.",
            "latex": null,
            "type": "table"
        }
    },
    "back_matter": []
}