{
    "paper_id": "6a8270cbdb7222a8a18248627314bdd6c9823cd4",
    "metadata": {
        "title": "Silicone pneumonitis after gluteal filler: a case report and literature review",
        "authors": [
            {
                "first": "Boon",
                "middle": [
                    "Hau"
                ],
                "last": "Ng",
                "suffix": "",
                "affiliation": {
                    "laboratory": "",
                    "institution": "Universiti Kebangsaan Malaysia Medical Centre",
                    "location": {
                        "settlement": "Kuala Lumpur",
                        "country": "Malaysia"
                    }
                },
                "email": ""
            },
            {
                "first": "Wan",
                "middle": [],
                "last": "Rahiza",
                "suffix": "",
                "affiliation": {},
                "email": ""
            },
            {
                "first": "Wan",
                "middle": [],
                "last": "Mat",
                "suffix": "",
                "affiliation": {
                    "laboratory": "Correspondence Boon Hau Ng, Pulmonology Unit",
                    "institution": "Universiti Kebangsaan Malaysia Medical Centre",
                    "location": {
                        "settlement": "Kuala Lumpur",
                        "country": "Malaysia"
                    }
                },
                "email": ""
            },
            {
                "first": "Nik",
                "middle": [],
                "last": "Nuratiqah",
                "suffix": "",
                "affiliation": {},
                "email": ""
            },
            {
                "first": "Nik",
                "middle": [],
                "last": "Abeed",
                "suffix": "",
                "affiliation": {
                    "laboratory": "",
                    "institution": "Universiti Kebangsaan Malaysia Medical Centre",
                    "location": {
                        "settlement": "Kuala Lumpur",
                        "country": "Malaysia"
                    }
                },
                "email": ""
            },
            {
                "first": "Mohamed",
                "middle": [],
                "last": "Faisal",
                "suffix": "",
                "affiliation": {},
                "email": ""
            },
            {
                "first": "Abdul",
                "middle": [],
                "last": "Hamid",
                "suffix": "",
                "affiliation": {
                    "laboratory": "",
                    "institution": "Universiti Kebangsaan Malaysia Medical Centre",
                    "location": {
                        "settlement": "Kuala Lumpur",
                        "country": "Malaysia"
                    }
                },
                "email": ""
            },
            {
                "first": "Andrea",
                "middle": [],
                "last": "Ban",
                "suffix": "",
                "affiliation": {},
                "email": ""
            },
            {
                "first": "Yu",
                "middle": [
                    "-"
                ],
                "last": "Lin",
                "suffix": "",
                "affiliation": {
                    "laboratory": "",
                    "institution": "Universiti Kebangsaan Malaysia Medical Centre",
                    "location": {
                        "settlement": "Kuala Lumpur",
                        "country": "Malaysia"
                    }
                },
                "email": ""
            },
            {
                "first": "Chun",
                "middle": [
                    "Ian"
                ],
                "last": "Soo",
                "suffix": "",
                "affiliation": {
                    "laboratory": "",
                    "institution": "Universiti Kebangsaan Malaysia Medical Centre",
                    "location": {
                        "settlement": "Kuala Lumpur",
                        "country": "Malaysia"
                    }
                },
                "email": ""
            },
            {
                "first": "Trevor",
                "middle": [
                    "Williams"
                ],
                "last": "",
                "suffix": "",
                "affiliation": {},
                "email": ""
            }
        ]
    },
    "abstract": [
        {
            "text": "Liquid silicone (polydimethylsiloxane) is an inert material that is commonly used for cosmetic purpose. Silicone embolization syndrome (SES) can rapidly progress to pneumonitis as a consequence of the injection of nonmedical-grade liquid silicone. We describe a case of severe silicone pneumonitis complicated with acute respiratory distress syndrome and bilateral pneumothorax secondary to silicone gluteal augmentation. In this case report, we aim to discuss our experience and approach in managing an uncommon case of SES.",
            "cite_spans": [],
            "ref_spans": [],
            "section": "Abstract"
        }
    ],
    "body_text": [
        {
            "text": "For decades, Liquid injectable silicone has been used for correction of contour defect or soft-tissue augmentation. Medical-grade liquid silicone (polydimethylsiloxane) becomes the preferred inert material for cosmetic purpose due to its durability, a lack of immunogenicity, and thermal stability; but later found to be associated with silicone embolism syndrome (SES). Liquid injectable silicone induced embolism has been reported by several studies as a cause of acute pneumonitis with alveolar haemorrhage [1] [2] [3] .",
            "cite_spans": [
                {
                    "start": 510,
                    "end": 513,
                    "text": "[1]",
                    "ref_id": "BIBREF0"
                },
                {
                    "start": 514,
                    "end": 517,
                    "text": "[2]",
                    "ref_id": "BIBREF1"
                },
                {
                    "start": 518,
                    "end": 521,
                    "text": "[3]",
                    "ref_id": "BIBREF2"
                }
            ],
            "ref_spans": [],
            "section": "Introduction"
        },
        {
            "text": "A previously healthy 30-year-old woman presented with three days history of cough with dyspnoea and fever. She had a history of breast augmentation with silicone implant two years ago and had received bilateral gluteal silicone injections from an unlicensed provider one week before the current presentation. The injected volume was approximately 500 mL for each gluteal.",
            "cite_spans": [],
            "ref_spans": [],
            "section": "Case Report"
        },
        {
            "text": "The physical examination was tachycardia, tachypnoea with the respiratory rate of 28 breaths per minute and a temperature of 38 C. Results of the arterial blood gas performed while the patient was breathing room air were as follows: pH, 7.39; PaCO 2 , 40 mmHg; PaO 2 , 56 mmHg; and peripheral oxygen saturation, 90%. Lungs examination revealed bilateral lower zone crepitations. Other blood investigations which included a complete blood count, comprehensive metabolic panel, and lactate were unremarkable. She was initiated on broadspectrum antibiotics, oseltamivir, intravenous hydrocortisone 50 mg every 8 h, and 12 L/min (FiO2: 60%) of high-flow oxygen supplement. However, she developed right-sided pneumothorax and worsened respiratory failure 12 h later.",
            "cite_spans": [],
            "ref_spans": [],
            "section": "Case Report"
        },
        {
            "text": "On chest radiograph, diffuse alveolar opacities in both lung fields were observed. A computed tomographic scan of her thorax demonstrated diffuse bilateral ground-glass infiltrates (Fig. 1) . Fiberoptic bronchoscopy was performed, which revealed normal lung segments. Transbronchial lung biopsy showed non-refractile lipoid vacuoles, consistent with silicone pneumonitis (Fig. 2) . Magnetic resonance imaging of the breast confirmed no intracapsular and extracapsular rupture of the bilateral breast prosthesis. Her bronchial wash was positive for Coronavirus NL63 RNA PCR.",
            "cite_spans": [],
            "ref_spans": [
                {
                    "start": 181,
                    "end": 189,
                    "text": "(Fig. 1)",
                    "ref_id": "FIGREF0"
                },
                {
                    "start": 371,
                    "end": 379,
                    "text": "(Fig. 2)",
                    "ref_id": "FIGREF1"
                }
            ],
            "section": "Case Report"
        },
        {
            "text": "She received lung protective ventilation for acute respiratory distress syndrome (i.e. low tidal volumes and high positive end-expiratory pressure (PEEP)) for continued hypoxia. Unfortunately, two weeks later, she again developed another spontaneous pneumothorax on the left lung and required chest tube drainage. Over four weeks in the intensive care unit, we manage to wean down the ventilatory support. She had an excellent clinical response and discharged with tapering prednisolone over two weeks. At six weeks of outpatient follow up, she was symptom-free, and her chest X-ray revealed residual bilateral reticulations. 2",
            "cite_spans": [],
            "ref_spans": [],
            "section": "Case Report"
        },
        {
            "text": "The respiratory consequences that associated with silicone injection include acute pneumonitis [4] , acute respiratory distress syndrome, alveolar haemorrhages, and pulmonary embolism [5] . The respiratory symptoms generally present within 72 h after injection of higher dose silicone, and a delayed reaction can be seen up to a year and a half after injection [2] . Pulmonary SES results from silicone embolizing to the lungs from an inadvertent intravenous injection or local tissue destruction. The neutrophils ingested the embolization of the silicone material into the lung via the haematogenous or lymphatic and alveolar macrophages induces pneumonitis by local cell-mediated inflammation and release of free radicals and proteolytic enzymes [3] . The release of silicone emboli also leads to occlusion of the microvasculature and trigger the inflammatory response, resulting in pulmonary oedema and haemorrhage.",
            "cite_spans": [
                {
                    "start": 95,
                    "end": 98,
                    "text": "[4]",
                    "ref_id": "BIBREF3"
                },
                {
                    "start": 184,
                    "end": 187,
                    "text": "[5]",
                    "ref_id": "BIBREF4"
                },
                {
                    "start": 361,
                    "end": 364,
                    "text": "[2]",
                    "ref_id": "BIBREF1"
                },
                {
                    "start": 748,
                    "end": 751,
                    "text": "[3]",
                    "ref_id": "BIBREF2"
                }
            ],
            "ref_spans": [],
            "section": "Discussion"
        },
        {
            "text": "Diagnosis of the silicone pneumonitis is based on the clinical history of silicone implant or injection, the radiological pattern of subpleural infiltrates and peripherally distributed ground-glass opacities (GGO) [6, 7] , and tissues biopsy with histopathological features of alveolar haemorrhage [7] and non-refractile vacuole-like structure within the alveoli [1] . Presence of alveolar macrophages with intracytoplasmic silicone inclusions in bronchoalveolar lavage sample is useful in facilitating a diagnosis [3] .",
            "cite_spans": [
                {
                    "start": 214,
                    "end": 217,
                    "text": "[6,",
                    "ref_id": "BIBREF5"
                },
                {
                    "start": 218,
                    "end": 220,
                    "text": "7]",
                    "ref_id": "BIBREF6"
                },
                {
                    "start": 298,
                    "end": 301,
                    "text": "[7]",
                    "ref_id": "BIBREF6"
                },
                {
                    "start": 363,
                    "end": 366,
                    "text": "[1]",
                    "ref_id": "BIBREF0"
                },
                {
                    "start": 515,
                    "end": 518,
                    "text": "[3]",
                    "ref_id": "BIBREF2"
                }
            ],
            "ref_spans": [],
            "section": "Discussion"
        },
        {
            "text": "Survival is likely, and treatment involves ventilation if necessary and steroids with uncertain utility. The rate of mortality is directly associated with the large volumes of silicone and high-pressure injection [2] .",
            "cite_spans": [
                {
                    "start": 213,
                    "end": 216,
                    "text": "[2]",
                    "ref_id": "BIBREF1"
                }
            ],
            "ref_spans": [],
            "section": "Discussion"
        },
        {
            "text": "There is no consensus on the treatment of the silicone induced pneumonitis, but case report series show a favourable response with the use of the steroid (Table 1) to reduce the airways inflammation [1, 8, 9] . General measures include nutrition and ventilation support. Extracorporeal membrane oxygenation (ECMO) may be considered in cases of severe acute respiratory distress syndrome (ARDS) deteriorating on mechanical ventilation. Surgical extraction of the silicone from subcutaneous tissues have had poor outcome due to risk of adverse systemic effects and technically complicated surgery [10] .",
            "cite_spans": [
                {
                    "start": 199,
                    "end": 202,
                    "text": "[1,",
                    "ref_id": "BIBREF0"
                },
                {
                    "start": 203,
                    "end": 205,
                    "text": "8,",
                    "ref_id": "BIBREF7"
                },
                {
                    "start": 206,
                    "end": 208,
                    "text": "9]",
                    "ref_id": "BIBREF8"
                },
                {
                    "start": 595,
                    "end": 599,
                    "text": "[10]",
                    "ref_id": "BIBREF9"
                }
            ],
            "ref_spans": [
                {
                    "start": 154,
                    "end": 163,
                    "text": "(Table 1)",
                    "ref_id": "TABREF0"
                }
            ],
            "section": "Discussion"
        },
        {
            "text": "Carolyn et al. reported a case of acute pneumonitis after silicone injection for gluteal augmentation. The patients presented with haemoptysis, shortness of breath, and acute respiratory failure two days after the silicone injections [11] . Her computed tomography (CT) thorax showed predominantly basilar and peripheral GGO and pulmonary nodules bilaterally. She required ECMO and her condition improved with intravenous methylprednisolone 125 mg every 6 h. Srilekha Sridhara et al. reported a rare case of silicone pneumonitis with pneumothorax occurred even after 15-20 years of silicone injection [12] . Bronchoscopic lung biopsy demonstrated alveolar interstitium with numerous lipoid vacuoles, compatible with silicone deposition. The patient succumbed despite treated with intravenous corticosteroids, broad-spectrum antibiotics, and mechanical ventilation.",
            "cite_spans": [
                {
                    "start": 234,
                    "end": 238,
                    "text": "[11]",
                    "ref_id": "BIBREF10"
                },
                {
                    "start": 601,
                    "end": 605,
                    "text": "[12]",
                    "ref_id": "BIBREF11"
                }
            ],
            "ref_spans": [],
            "section": "Discussion"
        },
        {
            "text": "Elizabeth et al. reported three cases of breast implants with the onset of symptoms ranges 2-16 years [13] . The CT features of these patients demonstrated diffuse GGO. All three patients responded to prednisolone 40 mg/day.",
            "cite_spans": [
                {
                    "start": 102,
                    "end": 106,
                    "text": "[13]",
                    "ref_id": "BIBREF12"
                }
            ],
            "ref_spans": [],
            "section": "Discussion"
        },
        {
            "text": "Our case demonstrates the features of SES after the gluteal silicone filler. No specific site for vascular infiltration was identified in our case; however, many injection marks were observed on the buttocks. MRI breast confirmed that there is no leak from the silicone breast implants and no residual collection in the gluteal region. Thus, the decision not to remove the breast implant and not for surgical exploration of the possibilities of remaining gluteal silicone collection was made after a multidisciplinary meeting comprises of pulmonologist, plastic and reconstructive surgeon, and anaesthetic team. A trans-bronchial lung biopsy was deemed to be a less invasive approach to obtain lung biopsies in order to avoid the risk of general anaesthesia due to poor pulmonary reserve.",
            "cite_spans": [],
            "ref_spans": [],
            "section": "Discussion"
        },
        {
            "text": "The detection of HCoV-NL63 in our patient is incidental. This is consistent with the literature that HCoV-NL63 can be frequently found in asymptomatic individuals [14] . Although, HCoV-NL63 can infects both the upper and lower respiratory tract, it generally associated with mild symptoms, such as fever, cough, pharyngitis, and rhinitis [15] . In rare cases, pneumonia can occur. In total contrast to silicon pneumonitis, lung biopsy histopathological features of HCoV-NL63 pneumonia are chronic pulmonary inflammation, severe alveolar damage, intra-alveolar hyaline membranes, and interstitial oedema [16] . The result of the lung biopsy of our patient was consistent with the diagnosis of silicone pneumonitis.",
            "cite_spans": [
                {
                    "start": 163,
                    "end": 167,
                    "text": "[14]",
                    "ref_id": "BIBREF13"
                },
                {
                    "start": 338,
                    "end": 342,
                    "text": "[15]",
                    "ref_id": "BIBREF14"
                },
                {
                    "start": 603,
                    "end": 607,
                    "text": "[16]",
                    "ref_id": "BIBREF15"
                }
            ],
            "ref_spans": [],
            "section": "Discussion"
        },
        {
            "text": "Learning points for our case includes:",
            "cite_spans": [],
            "ref_spans": [],
            "section": "Discussion"
        },
        {
            "text": "1. Corticosteroids are potentially beneficial in reduces the inflammation of the airways that leading pneumonitis with acute respiratory distress syndrome but does not have any mortality benefits [3, 14] . 2. Lung-protective ventilation strategies improve survival. 3. Vigilance in the occurrence of pneumothorax in cases of SES especially if complicated with ARDS and requiring mechanical ventilation. Risk of pneumothorax in SES and will usually resolve after chest drain intervention. 4. Trans-bronchial lung biopsy is useful in assisting the diagnosis. 5. Patients should be advised that there is a risk that silicone injections can be associated with serious pulmonary complications.",
            "cite_spans": [
                {
                    "start": 196,
                    "end": 199,
                    "text": "[3,",
                    "ref_id": "BIBREF2"
                },
                {
                    "start": 200,
                    "end": 203,
                    "text": "14]",
                    "ref_id": "BIBREF13"
                }
            ],
            "ref_spans": [],
            "section": "Discussion"
        },
        {
            "text": "The injection of silicone for cosmetic purpose is debatable due to the sequelae of the pneumonitis and the potential for pulmonary toxicity in asymptomatic patients who receive silicone injections. Bronchoalveolar lavage and trans-bronchial lung biopsy can help to confirm the diagnosis. This case report serves to highlight an emergent danger associated with illicit silicone use for cosmetic purposes and clinicians should be aware of the potential complications.",
            "cite_spans": [],
            "ref_spans": [],
            "section": "Discussion"
        },
        {
            "text": "Appropriate written informed consent was obtained for publication of this case report and accompanying images.",
            "cite_spans": [],
            "ref_spans": [],
            "section": "Disclosure statement"
        }
    ],
    "bib_entries": {
        "BIBREF0": {
            "ref_id": "b0",
            "title": "Clinicopathologic review of pulmonary silicone embolism with special emphasis on the resultant histologic diversity in the lunga review of five cases",
            "authors": [
                {
                    "first": "K",
                    "middle": [
                        "Y"
                    ],
                    "last": "Chung",
                    "suffix": ""
                },
                {
                    "first": "S",
                    "middle": [
                        "H"
                    ],
                    "last": "Kim",
                    "suffix": ""
                },
                {
                    "first": "I",
                    "middle": [
                        "H"
                    ],
                    "last": "Kwon",
                    "suffix": ""
                }
            ],
            "year": 2002,
            "venue": "Yonsei Med. J",
            "volume": "43",
            "issn": "2",
            "pages": "152--159",
            "other_ids": {}
        },
        "BIBREF1": {
            "ref_id": "b1",
            "title": "Silicone embolism syndrome: a case report, review of the literature, and comparison with fat embolism syndrome",
            "authors": [
                {
                    "first": "A",
                    "middle": [],
                    "last": "Schmid",
                    "suffix": ""
                },
                {
                    "first": "A",
                    "middle": [],
                    "last": "Tzur",
                    "suffix": ""
                },
                {
                    "first": "L",
                    "middle": [],
                    "last": "Leshko",
                    "suffix": ""
                }
            ],
            "year": 2005,
            "venue": "Chest",
            "volume": "127",
            "issn": "6",
            "pages": "2276--2281",
            "other_ids": {}
        },
        "BIBREF2": {
            "ref_id": "b2",
            "title": "Acute pneumonitis after subcutaneous injections of silicone in transsexual men",
            "authors": [
                {
                    "first": "J",
                    "middle": [],
                    "last": "Chastre",
                    "suffix": ""
                },
                {
                    "first": "F",
                    "middle": [],
                    "last": "Basset",
                    "suffix": ""
                },
                {
                    "first": "F",
                    "middle": [],
                    "last": "Viau",
                    "suffix": ""
                }
            ],
            "year": 1983,
            "venue": "N. Engl. J. Med",
            "volume": "308",
            "issn": "13",
            "pages": "764--767",
            "other_ids": {}
        },
        "BIBREF3": {
            "ref_id": "b3",
            "title": "Case report and literature review: acute pneumonitis and alveolar hemorrhage after subcutaneous injection of liquid silicone",
            "authors": [
                {
                    "first": "R",
                    "middle": [],
                    "last": "Parikh",
                    "suffix": ""
                },
                {
                    "first": "K",
                    "middle": [],
                    "last": "Karim",
                    "suffix": ""
                },
                {
                    "first": "N",
                    "middle": [],
                    "last": "Parikh",
                    "suffix": ""
                }
            ],
            "year": 2008,
            "venue": "Ann. Clin. Lab. Sci",
            "volume": "38",
            "issn": "4",
            "pages": "380--385",
            "other_ids": {}
        },
        "BIBREF4": {
            "ref_id": "b4",
            "title": "Forensic examination of toxicological specimens for dimethylpolysiloxane (silicone oil)",
            "authors": [
                {
                    "first": "H",
                    "middle": [
                        "H"
                    ],
                    "last": "Mccurdy",
                    "suffix": ""
                },
                {
                    "first": "E",
                    "middle": [
                        "T"
                    ],
                    "last": "Solomons",
                    "suffix": ""
                }
            ],
            "year": 1977,
            "venue": "J. Anal. Toxicol",
            "volume": "1",
            "issn": "5",
            "pages": "221--223",
            "other_ids": {}
        },
        "BIBREF5": {
            "ref_id": "b5",
            "title": "Silicone pulmonary embolism: report of 10 cases and review of the literature",
            "authors": [
                {
                    "first": "C",
                    "middle": [
                        "S"
                    ],
                    "last": "Restrepo",
                    "suffix": ""
                },
                {
                    "first": "M",
                    "middle": [],
                    "last": "Artunduaga",
                    "suffix": ""
                },
                {
                    "first": "J",
                    "middle": [
                        "A"
                    ],
                    "last": "Carrillo",
                    "suffix": ""
                }
            ],
            "year": 2009,
            "venue": "J. Comput. Assist. Tomogr",
            "volume": "33",
            "issn": "2",
            "pages": "233--237",
            "other_ids": {}
        },
        "BIBREF6": {
            "ref_id": "b6",
            "title": "Massive systemic silicone embolism: a case report and review of literature",
            "authors": [
                {
                    "first": "E",
                    "middle": [
                        "A"
                    ],
                    "last": "Price",
                    "suffix": ""
                },
                {
                    "first": "H",
                    "middle": [],
                    "last": "Schueler",
                    "suffix": ""
                },
                {
                    "first": "J",
                    "middle": [
                        "A"
                    ],
                    "last": "Perper",
                    "suffix": ""
                }
            ],
            "year": 2006,
            "venue": "Am. J. Forensic Med. Pathol",
            "volume": "27",
            "issn": "2",
            "pages": "97--102",
            "other_ids": {}
        },
        "BIBREF7": {
            "ref_id": "b7",
            "title": "Silicone injection causing acute pneumonitis: a case series",
            "authors": [
                {
                    "first": "A",
                    "middle": [
                        "C"
                    ],
                    "last": "Zamora",
                    "suffix": ""
                },
                {
                    "first": "H",
                    "middle": [
                        "R"
                    ],
                    "last": "Collard",
                    "suffix": ""
                },
                {
                    "first": "L",
                    "middle": [],
                    "last": "Barrera",
                    "suffix": ""
                }
            ],
            "year": 2009,
            "venue": "Lung",
            "volume": "187",
            "issn": "4",
            "pages": "241--244",
            "other_ids": {}
        },
        "BIBREF8": {
            "ref_id": "b8",
            "title": "Subcutaneous silicone injection leading to multi-system organ failure",
            "authors": [
                {
                    "first": "R",
                    "middle": [
                        "F"
                    ],
                    "last": "Clark",
                    "suffix": ""
                },
                {
                    "first": "F",
                    "middle": [
                        "L"
                    ],
                    "last": "Cantrell",
                    "suffix": ""
                },
                {
                    "first": "A",
                    "middle": [],
                    "last": "Pacal",
                    "suffix": ""
                }
            ],
            "year": 2008,
            "venue": "Clin. Toxicol",
            "volume": "46",
            "issn": "9",
            "pages": "834--837",
            "other_ids": {}
        },
        "BIBREF9": {
            "ref_id": "b9",
            "title": "Acute pneumonitis after subcutaneous injection of liquid silicone as a breast implant in a male-tofemale transsexual",
            "authors": [
                {
                    "first": "F",
                    "middle": [],
                    "last": "Sanz-Herrero",
                    "suffix": ""
                },
                {
                    "first": "E",
                    "middle": [],
                    "last": "De Casimiro-Calabuig",
                    "suffix": ""
                },
                {
                    "first": "P",
                    "middle": [],
                    "last": "Lopez-Miguel",
                    "suffix": ""
                }
            ],
            "year": 2006,
            "venue": "Arch. Bronconeumol",
            "volume": "42",
            "issn": "4",
            "pages": "205--206",
            "other_ids": {}
        },
        "BIBREF10": {
            "ref_id": "b10",
            "title": "Pulmonary embolism secondary to silicone injection",
            "authors": [
                {
                    "first": "Carolyn",
                    "middle": [],
                    "last": "Frances",
                    "suffix": ""
                },
                {
                    "first": "M",
                    "middle": [],
                    "last": "",
                    "suffix": ""
                },
                {
                    "first": "Zachary",
                    "middle": [],
                    "last": "Paul",
                    "suffix": ""
                },
                {
                    "first": "R",
                    "middle": [],
                    "last": "",
                    "suffix": ""
                }
            ],
            "year": 2019,
            "venue": "Int. J. Med. Stud",
            "volume": "7",
            "issn": "2",
            "pages": "41--44",
            "other_ids": {}
        },
        "BIBREF11": {
            "ref_id": "b11",
            "title": "A rare case of delayed chronic pneumonitis following nonmedical grade silicone injections in a transgender woman",
            "authors": [
                {
                    "first": "Srilekha",
                    "middle": [],
                    "last": "Sridhara",
                    "suffix": ""
                },
                {
                    "first": "M",
                    "middle": [
                        "B"
                    ],
                    "last": "Batool",
                    "suffix": ""
                },
                {
                    "first": "K",
                    "middle": [],
                    "last": "Chowdhury",
                    "suffix": ""
                },
                {
                    "first": "J",
                    "middle": [],
                    "last": "",
                    "suffix": ""
                }
            ],
            "year": 2018,
            "venue": "J. Unexplored Med. Data",
            "volume": "3",
            "issn": "1",
            "pages": "1--5",
            "other_ids": {}
        },
        "BIBREF12": {
            "ref_id": "b12",
            "title": "Interstitial lung diseases associated with metal content in silicone breast implants: a case series",
            "authors": [
                {
                    "first": "F",
                    "middle": [],
                    "last": "Elizabeth",
                    "suffix": ""
                },
                {
                    "first": "R",
                    "middle": [],
                    "last": "Dror",
                    "suffix": ""
                },
                {
                    "first": "E",
                    "middle": [],
                    "last": "Einat",
                    "suffix": ""
                }
            ],
            "year": 2018,
            "venue": "Sarcoidosis Vasc. Diffuse Lung Dis",
            "volume": "35",
            "issn": "4",
            "pages": "381--389",
            "other_ids": {}
        },
        "BIBREF13": {
            "ref_id": "b13",
            "title": "Respiratory pathogens in children with and without respiratory symptoms",
            "authors": [
                {
                    "first": "M",
                    "middle": [
                        "M"
                    ],
                    "last": "Van Der Zalm",
                    "suffix": ""
                },
                {
                    "first": "B",
                    "middle": [
                        "E"
                    ],
                    "last": "Van Ewijk",
                    "suffix": ""
                },
                {
                    "first": "B",
                    "middle": [],
                    "last": "Wilbrink",
                    "suffix": ""
                }
            ],
            "year": 2009,
            "venue": "J. Pediatr",
            "volume": "154",
            "issn": "3",
            "pages": "396--400",
            "other_ids": {}
        },
        "BIBREF14": {
            "ref_id": "b14",
            "title": "Human coronavirus NL63 infection in Canada",
            "authors": [
                {
                    "first": "N",
                    "middle": [],
                    "last": "Bastien",
                    "suffix": ""
                },
                {
                    "first": "K",
                    "middle": [],
                    "last": "Anderson",
                    "suffix": ""
                },
                {
                    "first": "L",
                    "middle": [],
                    "last": "Hart",
                    "suffix": ""
                }
            ],
            "year": 2005,
            "venue": "J Infect Dis",
            "volume": "191",
            "issn": "4",
            "pages": "503--506",
            "other_ids": {}
        },
        "BIBREF15": {
            "ref_id": "b15",
            "title": "Fatal lower respiratory tract disease with human corona virus NL63 in an adult haematopoietic cell transplant recipient",
            "authors": [
                {
                    "first": "L",
                    "middle": [],
                    "last": "Oosterhof",
                    "suffix": ""
                },
                {
                    "first": "C",
                    "middle": [
                        "B"
                    ],
                    "last": "Christensen",
                    "suffix": ""
                },
                {
                    "first": "H",
                    "middle": [],
                    "last": "Sengelov",
                    "suffix": ""
                }
            ],
            "year": 2010,
            "venue": "Bone Marrow Transplant",
            "volume": "45",
            "issn": "6",
            "pages": "1115--1116",
            "other_ids": {}
        },
        "BIBREF16": {
            "ref_id": "b16",
            "title": "Pulmonary fibrosis and embolism secondary to silicone implant leak",
            "authors": [
                {
                    "first": "A",
                    "middle": [],
                    "last": "Azeem",
                    "suffix": ""
                },
                {
                    "first": "S",
                    "middle": [],
                    "last": "Khuwaja",
                    "suffix": ""
                },
                {
                    "first": "R",
                    "middle": [],
                    "last": "Parthvi",
                    "suffix": ""
                }
            ],
            "year": 2019,
            "venue": "BMJ Case Rep",
            "volume": "12",
            "issn": "",
            "pages": "",
            "other_ids": {}
        },
        "BIBREF17": {
            "ref_id": "b17",
            "title": "VV ECMO rescue of silicone syndrome",
            "authors": [
                {
                    "first": "A",
                    "middle": [
                        "F"
                    ],
                    "last": "Ng",
                    "suffix": ""
                },
                {
                    "first": "E",
                    "middle": [
                        "M"
                    ],
                    "last": "Elmann",
                    "suffix": ""
                }
            ],
            "year": 2018,
            "venue": "Ann Clin Case Rep",
            "volume": "3",
            "issn": "",
            "pages": "",
            "other_ids": {}
        },
        "BIBREF18": {
            "ref_id": "b18",
            "title": "Silicone migration after buttock augmentation",
            "authors": [
                {
                    "first": "R",
                    "middle": [],
                    "last": "Biguria",
                    "suffix": ""
                },
                {
                    "first": "O",
                    "middle": [
                        "R"
                    ],
                    "last": "Ziegler",
                    "suffix": ""
                }
            ],
            "year": 2017,
            "venue": "Plast Reconstr Surg Glob Open",
            "volume": "5",
            "issn": "12",
            "pages": "",
            "other_ids": {}
        },
        "BIBREF19": {
            "ref_id": "b19",
            "title": "Subacute silicone pneumonitis after silent rupture of breast implant",
            "authors": [
                {
                    "first": "Mjg",
                    "middle": [],
                    "last": "Hern\u00e1ndez",
                    "suffix": ""
                },
                {
                    "first": "G",
                    "middle": [
                        "L"
                    ],
                    "last": "Milena",
                    "suffix": ""
                },
                {
                    "first": "Carazo",
                    "middle": [
                        "Er"
                    ],
                    "last": "",
                    "suffix": ""
                }
            ],
            "year": 2016,
            "venue": "Arch Bronconeumol",
            "volume": "52",
            "issn": "7",
            "pages": "393--400",
            "other_ids": {}
        },
        "BIBREF20": {
            "ref_id": "b20",
            "title": "Pulmonary empty spaces: silicone embolism-a decade of increased incidence and its histological diagnosis",
            "authors": [
                {
                    "first": "K",
                    "middle": [],
                    "last": "Lyapichev",
                    "suffix": ""
                },
                {
                    "first": "F",
                    "middle": [
                        "M"
                    ],
                    "last": "Chinea",
                    "suffix": ""
                },
                {
                    "first": "J",
                    "middle": [],
                    "last": "Poveda",
                    "suffix": ""
                }
            ],
            "year": 2016,
            "venue": "Case Rep Pathol",
            "volume": "",
            "issn": "",
            "pages": "",
            "other_ids": {}
        },
        "BIBREF21": {
            "ref_id": "b21",
            "title": "Chronic pulmonary silicone embolism relatedto saline breast implants",
            "authors": [
                {
                    "first": "A",
                    "middle": [],
                    "last": "Ayush",
                    "suffix": ""
                },
                {
                    "first": "H",
                    "middle": [],
                    "last": "Inaty",
                    "suffix": ""
                },
                {
                    "first": "S",
                    "middle": [],
                    "last": "Mukhopadhyay",
                    "suffix": ""
                }
            ],
            "year": 2016,
            "venue": "Ann Am Thorac Soc",
            "volume": "13",
            "issn": "1",
            "pages": "139--141",
            "other_ids": {}
        },
        "BIBREF22": {
            "ref_id": "b22",
            "title": "A serious complication of illicit silicone injections: latent silicone embolization syndrome after incision and drainage of local injection site",
            "authors": [
                {
                    "first": "E",
                    "middle": [
                        "K"
                    ],
                    "last": "Purdy-Payne",
                    "suffix": ""
                },
                {
                    "first": "J",
                    "middle": [],
                    "last": "Green",
                    "suffix": ""
                },
                {
                    "first": "S",
                    "middle": [],
                    "last": "Zenoni",
                    "suffix": ""
                }
            ],
            "year": 2015,
            "venue": "Surg Infect",
            "volume": "16",
            "issn": "",
            "pages": "473--477",
            "other_ids": {}
        },
        "BIBREF23": {
            "ref_id": "b23",
            "title": "Respiratory disease following illicit injection of silicone: a case report",
            "authors": [
                {
                    "first": "A",
                    "middle": [
                        "C"
                    ],
                    "last": "Essenmacher",
                    "suffix": ""
                },
                {
                    "first": "S",
                    "middle": [
                        "A"
                    ],
                    "last": "Astani",
                    "suffix": ""
                }
            ],
            "year": 2013,
            "venue": "Case Rep Med",
            "volume": "",
            "issn": "",
            "pages": "",
            "other_ids": {}
        },
        "BIBREF24": {
            "ref_id": "b24",
            "title": "An unusual case of pulmonary embolism",
            "authors": [
                {
                    "first": "D",
                    "middle": [],
                    "last": "Mendonca",
                    "suffix": ""
                },
                {
                    "first": "D",
                    "middle": [
                        "S"
                    ],
                    "last": "Leitao",
                    "suffix": ""
                },
                {
                    "first": "R",
                    "middle": [],
                    "last": "Friend",
                    "suffix": ""
                }
            ],
            "year": 2012,
            "venue": "Respir Care",
            "volume": "57",
            "issn": "8",
            "pages": "1345--1347",
            "other_ids": {}
        },
        "BIBREF25": {
            "ref_id": "b25",
            "title": "Subcutaneous silicone injection and the silicone embolism syndrome: a clinicopathologic correlation of two cases",
            "authors": [
                {
                    "first": "D",
                    "middle": [
                        "A"
                    ],
                    "last": "Zakhia",
                    "suffix": ""
                },
                {
                    "first": "C",
                    "middle": [],
                    "last": "Bertucci",
                    "suffix": ""
                },
                {
                    "first": "O",
                    "middle": [],
                    "last": "Alassi",
                    "suffix": ""
                }
            ],
            "year": 2012,
            "venue": "Am J Clin Pathol",
            "volume": "138",
            "issn": "",
            "pages": "",
            "other_ids": {}
        },
        "BIBREF26": {
            "ref_id": "b26",
            "title": "Acute pneumonitis secondary to subcutaneous silicone injection",
            "authors": [
                {
                    "first": "P",
                    "middle": [],
                    "last": "Gopie",
                    "suffix": ""
                },
                {
                    "first": "S",
                    "middle": [],
                    "last": "Sakhamuri",
                    "suffix": ""
                },
                {
                    "first": "A",
                    "middle": [],
                    "last": "Sharma",
                    "suffix": ""
                }
            ],
            "year": 2011,
            "venue": "Int J Gen Med",
            "volume": "4",
            "issn": "",
            "pages": "477--479",
            "other_ids": {}
        },
        "BIBREF27": {
            "ref_id": "b27",
            "title": "Silicon emboli syndrome: a sequela of clandestine liquid silicone injections. A case report and review of the literature",
            "authors": [
                {
                    "first": "S",
                    "middle": [],
                    "last": "Bartsich",
                    "suffix": ""
                },
                {
                    "first": "J",
                    "middle": [
                        "K"
                    ],
                    "last": "Wu",
                    "suffix": ""
                }
            ],
            "year": 2010,
            "venue": "J Plast Reconstr Aesthet Surg",
            "volume": "63",
            "issn": "",
            "pages": "1--3",
            "other_ids": {}
        },
        "BIBREF28": {
            "ref_id": "b28",
            "title": "Acute pneumonitis and alveolar hemorrhage after subcutaneous injection of liquid silicone",
            "authors": [
                {
                    "first": "R",
                    "middle": [],
                    "last": "Parikh",
                    "suffix": ""
                },
                {
                    "first": "K",
                    "middle": [],
                    "last": "Karim",
                    "suffix": ""
                },
                {
                    "first": "N",
                    "middle": [],
                    "last": "Parikh",
                    "suffix": ""
                }
            ],
            "year": 2008,
            "venue": "Ann Clin Lab Sci",
            "volume": "38",
            "issn": "4",
            "pages": "380--385",
            "other_ids": {}
        },
        "BIBREF29": {
            "ref_id": "b29",
            "title": "Subcutaneous silicone injection leading to multisystem organ failure",
            "authors": [
                {
                    "first": "F",
                    "middle": [],
                    "last": "Richard",
                    "suffix": ""
                },
                {
                    "first": "F",
                    "middle": [],
                    "last": "Clark",
                    "suffix": ""
                },
                {
                    "first": "L",
                    "middle": [],
                    "last": "Cantrell",
                    "suffix": ""
                },
                {
                    "first": "A",
                    "middle": [],
                    "last": "Pacal",
                    "suffix": ""
                }
            ],
            "year": null,
            "venue": "Clin Toxicol",
            "volume": "46",
            "issn": "9",
            "pages": "834--837",
            "other_ids": {}
        },
        "BIBREF30": {
            "ref_id": "b30",
            "title": "Pulmonary embolism due to liquid silicone: case report",
            "authors": [
                {
                    "first": "R",
                    "middle": [],
                    "last": "De March Ronsoni",
                    "suffix": ""
                },
                {
                    "first": "F",
                    "middle": [
                        "L"
                    ],
                    "last": "Schwingel",
                    "suffix": ""
                },
                {
                    "first": "L",
                    "middle": [
                        "H"
                    ],
                    "last": "Melo",
                    "suffix": ""
                }
            ],
            "year": 2007,
            "venue": "Respir Med Extra",
            "volume": "3",
            "issn": "",
            "pages": "172--174",
            "other_ids": {}
        },
        "BIBREF31": {
            "ref_id": "b31",
            "title": "Silicone pneumonitis after a cosmetic augmentation procedure",
            "authors": [
                {
                    "first": "G",
                    "middle": [
                        "E"
                    ],
                    "last": "Gurvits",
                    "suffix": ""
                }
            ],
            "year": 2006,
            "venue": "N Engl J Med",
            "volume": "354",
            "issn": "",
            "pages": "211--212",
            "other_ids": {}
        },
        "BIBREF32": {
            "ref_id": "b32",
            "title": "The silicone syndrome",
            "authors": [
                {
                    "first": "S",
                    "middle": [
                        "K"
                    ],
                    "last": "Dawn",
                    "suffix": ""
                },
                {
                    "first": "B",
                    "middle": [
                        "M"
                    ],
                    "last": "Elicker",
                    "suffix": ""
                },
                {
                    "first": "Jwt",
                    "middle": [],
                    "last": "Leung",
                    "suffix": ""
                }
            ],
            "year": 2006,
            "venue": "Clin Pulm Med",
            "volume": "13",
            "issn": "",
            "pages": "146--147",
            "other_ids": {}
        },
        "BIBREF33": {
            "ref_id": "b33",
            "title": "CT visualization of silicone-related pneumonitis in a transsexual man",
            "authors": [
                {
                    "first": "A",
                    "middle": [],
                    "last": "Rosioreanu",
                    "suffix": ""
                },
                {
                    "first": "G",
                    "middle": [
                        "T"
                    ],
                    "last": "Brusca-Augello",
                    "suffix": ""
                },
                {
                    "first": "Qaa",
                    "middle": [],
                    "last": "Ahmed",
                    "suffix": ""
                }
            ],
            "year": 2004,
            "venue": "Am J Roentgenol",
            "volume": "183",
            "issn": "",
            "pages": "248--249",
            "other_ids": {}
        },
        "BIBREF34": {
            "ref_id": "b34",
            "title": "A case of acute pneumonitis induced by injection of silicone for colpoplasty",
            "authors": [
                {
                    "first": "K",
                    "middle": [],
                    "last": "Cheol",
                    "suffix": ""
                },
                {
                    "first": "C",
                    "middle": [],
                    "last": "Doo",
                    "suffix": ""
                },
                {
                    "first": "Y",
                    "middle": [],
                    "last": "Chul-Gyu",
                    "suffix": ""
                }
            ],
            "year": null,
            "venue": "Respiration",
            "volume": "70",
            "issn": "",
            "pages": "104--106",
            "other_ids": {}
        }
    },
    "ref_entries": {
        "FIGREF0": {
            "text": "A computed tomography scan of the chest (A and B) shows bilateral, diffusely distributed ground-glass opacities with superimposed dependent areas of consolidation. Chest X-ray (C) shows diffuse alveolar opacities of both lung fields. (D) Chest X-ray with bilateral alveolar opacities and pneumothorax with chest tube in-situ. (E) Chest X-ray improvement of bilateral alveolar opacities at 6 weeks of outpatient follow-up.",
            "latex": null,
            "type": "figure"
        },
        "FIGREF1": {
            "text": "Trans-bronchial lung biopsy shows lung parenchyma with intra-alveolar haemorrhage, macrophages, and non-refractile vacuolelike structures.Silicone pneumonitisB.H. Ng et al.",
            "latex": null,
            "type": "figure"
        },
        "TABREF0": {
            "text": "Reported cases of pulmonary silicone embolism syndrome.ARDS, acute respiratory distress syndrome; ECMO, extracorporeal membrane oxygenation; GGO, ground glass opacities; LN, lymphadenopathy; MTP, methylprednisolone; PH, pulmonary haemorrhages.",
            "latex": null,
            "type": "table"
        }
    },
    "back_matter": []
}