{
    "paper_id": "a03293a6ac86dd01a32f04eeea0f233f367fa742",
    "metadata": {
        "title": "The untapped cell biology of neglected tropical diseases",
        "authors": []
    },
    "abstract": [
        {
            "text": "The World Health Organization lists a constellation of 17 tropical diseases that afflict approximately one in six individuals on the planet and, until recently, few resources have been devoted to the treatment and eradication of those diseases. They are often referred to as the diseases of the \"bottom billion,\" because they are most prevalent among the poorest individuals in impoverished tropical nations. However, the few studies that have been performed reveal an extraordinary world of molecular and cellular adaptations that facilitate the pathogens' survival in hosts ranging from insects to humans. A compelling case can be made that even a modest investment toward understanding the basic molecular and cell biology of these neglected pathogens has a high probability of yielding exciting new cellular mechanisms and insights into novel ways of combating these diseases.",
            "cite_spans": [],
            "ref_spans": [],
            "section": "Abstract"
        }
    ],
    "body_text": [
        {
            "text": "muscle tissue. From there, it begins its journey to the brain by invading axons of the peripheral nervous system, where it becomes encapsulated in a host-derived vesicle and marches toward the nerve cell body by specifically associating with the minus-end motor protein dynein (Raux et al., 2000; Klein, 2003) . Vesicle encapsulation enables it to cross synapses and eventual enter the CNS, where it ascends the spinal cord, homing directly in on the brain. Once in the brain, the virus undergoes massive replication, causing encephalitis, and spreads to the salivary glands and other organs. The rabies virus specifically accumulates in the midbrain, impairing serotonin transmission. This is the likely cause of the aggressive outbursts in infected animals that promote transmission of the virus (Klein, 2003) . Incredibly, the virus accomplishes this with a diminutive 12-kb genome containing only five genes (Ming et al., 2009) .",
            "cite_spans": [
                {
                    "start": 277,
                    "end": 296,
                    "text": "(Raux et al., 2000;",
                    "ref_id": "BIBREF19"
                },
                {
                    "start": 297,
                    "end": 309,
                    "text": "Klein, 2003)",
                    "ref_id": "BIBREF16"
                },
                {
                    "start": 798,
                    "end": 811,
                    "text": "(Klein, 2003)",
                    "ref_id": "BIBREF16"
                },
                {
                    "start": 912,
                    "end": 931,
                    "text": "(Ming et al., 2009)",
                    "ref_id": "BIBREF39"
                }
            ],
            "ref_spans": [],
            "section": ""
        },
        {
            "text": "While human cases of rabies are rare in the United States, with only one or two fatalities reported annually, rabies still results in 55,000 annual deaths globally, with 95% occurring in poor rural regions of Asia and Africa, primarily as the result of dog bites (Knobel et al., 2005) . A major reason for the dramatically different fatality rates is that, unlike the United States, rural regions of Asia and Africa do not have comprehensive rabies vaccination programs for dogs. The cost of the very effective postexposure vaccination is between US$45 and US$100, while the average income in these poorer countries is equivalent to only US$2 per day. In addition, access to the transportation required to reach distant urban treatment centers is often limited. Finally, many people in such rural areas are unaware of the risks of a dog bite.",
            "cite_spans": [
                {
                    "start": 263,
                    "end": 284,
                    "text": "(Knobel et al., 2005)",
                    "ref_id": "BIBREF29"
                }
            ],
            "ref_spans": [],
            "section": ""
        },
        {
            "text": "In fact, rabies is one of the 17 neglected tropical diseases listed by the World Health Organization (WHO) ( Table 1) . This constellation of diseases afflicts approximately one in six individuals on the planet and, until recently, few resources have been devoted to their Suppression of inflammatory cell infiltration via a secreted macrolide (Hall and Simmonds, 2014) ; pain suppression via polyketide mycolactone secretion (Marion et al., 2014) Leprosy",
            "cite_spans": [
                {
                    "start": 344,
                    "end": 369,
                    "text": "(Hall and Simmonds, 2014)",
                    "ref_id": "BIBREF10"
                },
                {
                    "start": 426,
                    "end": 447,
                    "text": "(Marion et al., 2014)",
                    "ref_id": "BIBREF34"
                }
            ],
            "ref_spans": [
                {
                    "start": 109,
                    "end": 117,
                    "text": "Table 1)",
                    "ref_id": "TABREF2"
                }
            ],
            "section": ""
        },
        {
            "text": "Armadillo Reprograms adult Schwann cells into stem cells (Masaki et al., 2013) ; M. leprae antigens similar to human myelin basic protein induce autoantibodies, possibly contributing to the nerve damage associated with leprosy (Singh et al., 2015) Trachoma",
            "cite_spans": [
                {
                    "start": 57,
                    "end": 78,
                    "text": "(Masaki et al., 2013)",
                    "ref_id": "BIBREF35"
                },
                {
                    "start": 227,
                    "end": 247,
                    "text": "(Singh et al., 2015)",
                    "ref_id": "BIBREF21"
                }
            ],
            "ref_spans": [],
            "section": "Mycobacterium leprae"
        },
        {
            "text": "Specifically disrupts cytokinesis to generate multinucleate host cells (Brown et al., 2012) ; exhibits an unusual FtsZ-independent cell division and is sensitive to penicillin in spite of lacking its peptidoglycan target (Jacquier et al., 2015) Yaws Long-distance migration from peripheral nervous system to CNS relying on host microtubules and dynein (Raux et al., 2000) Helminths",
            "cite_spans": [
                {
                    "start": 71,
                    "end": 91,
                    "text": "(Brown et al., 2012)",
                    "ref_id": "BIBREF3"
                },
                {
                    "start": 221,
                    "end": 244,
                    "text": "(Jacquier et al., 2015)",
                    "ref_id": "BIBREF14"
                },
                {
                    "start": 352,
                    "end": 371,
                    "text": "(Raux et al., 2000)",
                    "ref_id": "BIBREF19"
                }
            ],
            "ref_spans": [],
            "section": "Chlamydia trachomatis"
        },
        {
            "text": "Taenia solium (tapeworm)",
            "cite_spans": [],
            "ref_spans": [],
            "section": "Cysticercosis"
        },
        {
            "text": "Pigs and humans Immune suppression by targeting lymphocytes and macrophages (White et al., 1997) Dracunculiasis Dracunculus medinensis (guinea-worm)",
            "cite_spans": [
                {
                    "start": 76,
                    "end": 96,
                    "text": "(White et al., 1997)",
                    "ref_id": "BIBREF28"
                }
            ],
            "ref_spans": [],
            "section": "Cysticercosis"
        },
        {
            "text": "Rapid cellular evolution resulting in the guinea-worm's rapid switch from human to dog as the primary host (Cairncross, 2014) .",
            "cite_spans": [
                {
                    "start": 107,
                    "end": 125,
                    "text": "(Cairncross, 2014)",
                    "ref_id": "BIBREF4"
                }
            ],
            "ref_spans": [],
            "section": "Cyclops water flea"
        },
        {
            "text": "Echinococcosis Echinococcus granulosus (tapeworm)",
            "cite_spans": [],
            "ref_spans": [],
            "section": "Cyclops water flea"
        },
        {
            "text": "Farm animals Immunological link between echinococcosis and cancer (Turhan et al., 2015) Lymphatic filariasis (elephantiasis)",
            "cite_spans": [
                {
                    "start": 66,
                    "end": 87,
                    "text": "(Turhan et al., 2015)",
                    "ref_id": "BIBREF24"
                }
            ],
            "ref_spans": [],
            "section": "Cyclops water flea"
        },
        {
            "text": "Wuchereri bancrofti, Brugia malayi, and Brugia timori",
            "cite_spans": [],
            "ref_spans": [],
            "section": "Cyclops water flea"
        },
        {
            "text": "Proper A-P axis formation in these nematodes requires Wolbachia, a maternally inherited bacterial endosymbiont (Landmann et al., 2014) Onchocerciasis (river blindness)",
            "cite_spans": [
                {
                    "start": 111,
                    "end": 134,
                    "text": "(Landmann et al., 2014)",
                    "ref_id": "BIBREF31"
                }
            ],
            "ref_spans": [],
            "section": "Mosquitoes"
        },
        {
            "text": "Onchocerca volvulus Blackfly Peak microfilarial concentration in the human skin exhibits daily periodicity matching feeding period of its insect vector (Anderson et al., 1975) Schistosomiasis Schistosoma mansoni and Schistosoma haematobium Snail Development and regeneration rely on neoblast-like adult stem cells (Wang et al., 2013) ; S. haematobium classified as a group 1 biological carcinogen (Brindley et al., 2015) Soil-transmitted helminthiasis",
            "cite_spans": [
                {
                    "start": 152,
                    "end": 175,
                    "text": "(Anderson et al., 1975)",
                    "ref_id": "BIBREF1"
                },
                {
                    "start": 314,
                    "end": 333,
                    "text": "(Wang et al., 2013)",
                    "ref_id": "BIBREF27"
                },
                {
                    "start": 397,
                    "end": 420,
                    "text": "(Brindley et al., 2015)",
                    "ref_id": "BIBREF2"
                }
            ],
            "ref_spans": [],
            "section": "Mosquitoes"
        },
        {
            "text": "Trichuris trichiura (whipworm), Ascaris, and hookworms",
            "cite_spans": [],
            "ref_spans": [],
            "section": "Mosquitoes"
        },
        {
            "text": "Regulation of gene expression via programmed chromatin elimination (M\u00fcller and Tobler, 2000) ; modulation of the host immune response, including amelioration of autoimmune and allergic disorders (McSorley and Loukas, 2010) little is known concerning the cellular adaptations that enable T. brucei to weather the abrupt 15\u00b0C temperature shift as it is delivered from the tsetse fly into its warm-blooded human host. Equally intriguing is the aquatic prowess of this blood-borne protozoan. Mammalian blood is fast flowing and packed with cells, making navigation difficult. The ability of a trypanosome to propel through the mammalian circulatory system has been likened to a salmon making good progress against a 100 mph current in a debris-filled river. Unlike most organisms with flagellar-based propulsion, trypanosomes swim with their flagella leading (Vaughan and Gull, 2003) . Recent studies that take advantage of high-speed imaging techniques demonstrate that trypanosomes move through the blood by \"pushing\" against the densely packed red blood cells, in a manner similar to the upstream migration of eels along pronged ladders at dams (Heddergott et al., 2012) . These studies open up entirely new avenues of investigation regarding the biophysics of microbe propulsion.",
            "cite_spans": [
                {
                    "start": 67,
                    "end": 92,
                    "text": "(M\u00fcller and Tobler, 2000)",
                    "ref_id": "BIBREF17"
                },
                {
                    "start": 855,
                    "end": 879,
                    "text": "(Vaughan and Gull, 2003)",
                    "ref_id": "BIBREF26"
                },
                {
                    "start": 1144,
                    "end": 1169,
                    "text": "(Heddergott et al., 2012)",
                    "ref_id": "BIBREF11"
                }
            ],
            "ref_spans": [],
            "section": "Mosquitoes"
        },
        {
            "text": "Filarial nematodes are associated with two other devastating neglected diseases-onchocerciasis (river blindness) and lymphatic filariasis (elephantiasis), which afflict more than 150 million people, primarily in tropical regions. Large adult female worms located in the eye, skin, or lymph nodes induce the disease, causing debilitating inflammation and producing thousands of microfilaria. Microfilaria are transmitted from one person to another via the bite of an insect (the blackfly and mosquito are the vectors for onchocerciasis and lymphatic filariasis, respectively). Like trypanosomes, the few cell and developmental studies that have been performed on filarial nematodes have revealed exciting, yet largely unexplored, aspects of their cell and developmental biology. Filarial nematodes share a strikingly similar lineage to their more famous cousin, Caenorhabditis elegans (Landmann et al., 2014) . However, filarial nematodes are giants compared with C. elegans, ranging from 5 to 12 inches in length. Also, unlike C. elegans, which has a life span measured in days, filarial nematodes live and are fertile for more than 6 years in their human hosts (Gems, 2000) . The molecular and cellular factors regulating the large size and long life of filarial nematodes are entirely unknown.",
            "cite_spans": [
                {
                    "start": 884,
                    "end": 907,
                    "text": "(Landmann et al., 2014)",
                    "ref_id": "BIBREF31"
                },
                {
                    "start": 1162,
                    "end": 1174,
                    "text": "(Gems, 2000)",
                    "ref_id": null
                }
            ],
            "ref_spans": [],
            "section": "Mosquitoes"
        },
        {
            "text": "A particularly fascinating aspect of filarial nematode cell biology is that they harbor the bacterial endosymbiont Wolbachia, in both somatic and germ line lineages. The discovery that Wolbachia is essential for the survival of adult filarial nematodes has opened the possibility of killing the long-lived adults through an antibiotic approach (Stolk et al., 2005) . While current drugs targeting diseasecausing filarial nematodes efficiently kill the larvae, they are ineffective against the long-lived filarial adults. In contrast, identifying potent antibiotics that target Wolbachia should provide, for the first time, a means of treating individuals harboring adult nematodes. The discovery of Wolbachia's essential role in filarial nematode survival has also led to an investigation of the molecular basis of this symbiosis. Genomic studies have revealed that, while filarial nematodes possess genes that encode the entire 20 amino acid set, Wolbachia lacks the genes coding for a number of essential amino acids (Foster et al., 2005) . Thus Wolbachia likely relies on its nematode host to supply key amino acids. Conversely, the genome of the filarial nematode Brugia malayi lacks genes essential for heme production, while Wolbachia maintains the ability to produce heme (Ghedin et al., 2007) . This suggests that Wolbachia may provide heme to its nematode host. However, subsequent analysis of the genome of Loa loa, a species of filarial nematodes that does not contain Wolbachia, has revealed that it also lacks the ability to produce heme (Tallon et al., 2014) . Taken together, these results suggest nematodes obtain necessary heme from their human hosts treatment and eradication. They are often referred to as the diseases of the \"bottom billion,\" because they are most prevalent among the poorest individuals in impoverished tropical nations (Hotez et al., 2007; Hotez and Thompson, 2009) . These diseases are caused by a diverse group of pathogens, including viruses, bacteria, protozoa, and helminths (Table 1) . Unlike the rabies virus, most helminths do not cause immediate death; more typically, they result in chronic conditions that make it difficult to work, farm, or participate in the daily life of a community. This is known as the disease burden and is quantified in units known as DALYs (disability-adjusted life years). A DALY is the sum of years of life lost due to premature mortality, and years lived with disability (Murray, 1994) . Basically, this is a best estimate of the time lost from a life lived in an ideal healthy state (set at 80 and 82 years for males and females, respectively). For example, the recent estimate of the global disease burden of soil-transmitted helminths is 5.2 million DALYs. Hookworm alone accounts for 3.2 million DALYs, with more than 700 million infected. For comparison, the global disease burden of prostate cancer is 3.8 million DALYs.",
            "cite_spans": [
                {
                    "start": 344,
                    "end": 364,
                    "text": "(Stolk et al., 2005)",
                    "ref_id": "BIBREF22"
                },
                {
                    "start": 1019,
                    "end": 1040,
                    "text": "(Foster et al., 2005)",
                    "ref_id": "BIBREF7"
                },
                {
                    "start": 1279,
                    "end": 1300,
                    "text": "(Ghedin et al., 2007)",
                    "ref_id": "BIBREF9"
                },
                {
                    "start": 1551,
                    "end": 1572,
                    "text": "(Tallon et al., 2014)",
                    "ref_id": "BIBREF23"
                },
                {
                    "start": 1858,
                    "end": 1878,
                    "text": "(Hotez et al., 2007;",
                    "ref_id": "BIBREF12"
                },
                {
                    "start": 1879,
                    "end": 1904,
                    "text": "Hotez and Thompson, 2009)",
                    "ref_id": "BIBREF13"
                },
                {
                    "start": 2450,
                    "end": 2464,
                    "text": "(Murray, 1994)",
                    "ref_id": "BIBREF18"
                }
            ],
            "ref_spans": [
                {
                    "start": 2019,
                    "end": 2028,
                    "text": "(Table 1)",
                    "ref_id": "TABREF2"
                }
            ],
            "section": "Mosquitoes"
        },
        {
            "text": "Although the immense impact of these tropical diseases on global health is well documented, surprisingly, the biomedical research community has largely ignored them. This is in large part due to the fact that these are predominantly diseases of the poorest individuals on the planet, occurring in areas distant from the major research centers in North America and Europe where, understandably, the focus is on cancer, diabetes, heart disease, and other ailments that are more common to the wealthier, developed countries. Also, because these 17 diseases generally result in chronic disabilities rather than death, they do not receive the attention of lethal infections, such as severe acute respiratory syndrome and Ebola. This lack of attention is known as the 10/90 gap: less than 10% of biomedical research is devoted to diseases and health issues that afflict 90% of the world's population (Kilama, 2009) . For example, PubMed searches for prostate cancer and hookworm retrieve 130,826 and 5480 publications, respectively. That is, for every one paper published on hookworms, 24 are published on prostate cancer, even though they have similar disease burdens and the number of individuals worldwide afflicted with hookworm is more than 10 times the number afflicted with prostate cancer. Additionally, while prostate and breast cancer have 35 and 26 publications per 1000 DALYs, neglected diseases such as lymphatic filariasis and trematodiasis have 1.2 and 0.02 publications per 1000 DALYs, respectively. These disparities are even more dramatic if one considers only the cell biology-related publications for each disease.",
            "cite_spans": [
                {
                    "start": 894,
                    "end": 908,
                    "text": "(Kilama, 2009)",
                    "ref_id": "BIBREF15"
                }
            ],
            "ref_spans": [],
            "section": "Mosquitoes"
        },
        {
            "text": "Although the tropical diseases of the bottom billion have been largely ignored by the biomedical community, the studies that have been performed reveal an extraordinary world of molecular and cellular adaptations that facilitate the pathogens' survival in hosts ranging from insects to humans (Table 1) . For example, the complex life cycle of Trypanosoma brucei, a human blood parasitic protozoan and the cause of African sleeping sickness, involves a number of surprising cellular adaptations. In humans, the life cycle of this single-celled parasite begins with the bite of an infected tsetse fly, enabling the parasite to enter the skin and migrate to the lymphatic and circulatory systems (Tyler and Engman, 2001) . Here it replicates and spreads throughout the entire organism. Trypanosomes are also infamous for their ability to avoid the immune system by means of rapid cycles of programmed genetic changes in their surface proteins (Field et al., 2009) . Less well studied, but equally fascinating, are the mechanisms that enable this parasite to replicate, move, and thrive in both the tsetse fly and human-host species that are evolutionarily separated by more than 800 million years. For example, Cell biologists troubled by the fact that their current areas of investigation are crowded and highly competitive should consider applying their skills toward investigating the cell biology of parasites and neglected tropical diseases. Given that the ratio of cancer to neglected-disease publications is \u223c100:1, there is a tremendous potential to make high-impact discoveries. In addition, because the number of investigators in these fields is still relatively small, new investigators are welcomed, especially those entering with fresh perspectives and new approaches. While it is true that funding for neglected-disease research has been difficult, the increasing interest in neglected diseases and launch of a number of new graduate programs focused on global health will likely greatly improve funding opportunities in the near future. Particularly exciting is the recent announcement of the 2015 Nobel Prize in Physiology or Medicine to William C. Campbell, Satoshi \u014c mura, and Youyou Tu for their discovery of drugs to combat elephantiasis, river blindness, and malaria. This is a promising sign that tropical diseases are unlikely to remain neglected for long. rather than Wolbachia, leaving the latter's role in the symbiotic relationship still unexplained.",
            "cite_spans": [
                {
                    "start": 694,
                    "end": 718,
                    "text": "(Tyler and Engman, 2001)",
                    "ref_id": "BIBREF25"
                },
                {
                    "start": 941,
                    "end": 961,
                    "text": "(Field et al., 2009)",
                    "ref_id": "BIBREF6"
                }
            ],
            "ref_spans": [
                {
                    "start": 293,
                    "end": 302,
                    "text": "(Table 1)",
                    "ref_id": "TABREF2"
                }
            ],
            "section": "Mosquitoes"
        },
        {
            "text": "In an alternative cellular approach toward exploring the basis of this symbiosis, the consequences of antibiotic-based removal of Wolbachia from its nematode host has been examined. Embryos derived from nematodes lacking Wolbachia exhibit distinct anterior-posterior (A-P) polarity defects, virtually identical to the A-P polarity phenotype of C. elegans lacking the par-1 polarity gene product (Landmann et al., 2014) . This result indicates that Wolbachia has coevolved with its nematode host such that it has become an essential component of axis determination during the initial stages of nematode development. How this evolved, as well as the specific role of Wolbachia in axis determination, remains unknown. A second distinct consequence of Wolbachia removal from the adult nematode is an organism-wide induction of apoptosis, even in cells that are not infected with Wolbachia (Landmann et al., 2011) . This suggests that Wolbachia is essential for globally suppressing apoptosis in the adult nematode. Again, the basis of this suppression remains unknown. It should be pointed out that this phenotype is reminiscent of the bystander effect in X-irradiated tissues: not only do the X-irradiated cells undergo apoptosis, but neighboring cells that were never exposed to X-irradiation undergo apoptosis as well (Mothersill et al., 2006) .",
            "cite_spans": [
                {
                    "start": 395,
                    "end": 418,
                    "text": "(Landmann et al., 2014)",
                    "ref_id": "BIBREF31"
                },
                {
                    "start": 885,
                    "end": 908,
                    "text": "(Landmann et al., 2011)",
                    "ref_id": "BIBREF32"
                },
                {
                    "start": 1317,
                    "end": 1342,
                    "text": "(Mothersill et al., 2006)",
                    "ref_id": "BIBREF40"
                }
            ],
            "ref_spans": [],
            "section": "Mosquitoes"
        },
        {
            "text": "Here I have highlighted the intriguing and underexplored aspects of the cell biology of rabies, trypanosomes, and filarial nematodes. However, these are only a few of the many organisms causing neglected diseases. For example, trachoma, the leading form of blindness in developing countries, is caused by Chlamydia trachomatis. These intracellular bacteria specifically inhibit cytokinesis, producing a large multinucleate host cell for their habitation. C. trachomatis produces a protease that results in premature host chromosome segregation and lagging chromosomes that block the final stage of cytokinesis furrow ingression (Brown et al., 2012) . Another intracellular pathogen, Mycobacterium leprae, the causative agent of leprosy, targets Schwann cells, which encompass peripheral neurons. This bacterium spreads by dedifferentiating the Schwann cells into stem-like cells that are proliferative and can differentiate, migrate, and integrate into muscle tissue (Masaki et al., 2013) . Schistosomiasis, a neglected disease afflicting more than 200 million, is caused by parasitic flatworms, called schistosomes. The development and regeneration of the helminth schistosomes relies on a population of neoblast-like stem cells (Wang et al., 2013) . Following up on any of these findings is almost certain to yield new and unsuspected cellular mechanisms guiding these host-pathogen interactions.",
            "cite_spans": [
                {
                    "start": 628,
                    "end": 648,
                    "text": "(Brown et al., 2012)",
                    "ref_id": "BIBREF3"
                },
                {
                    "start": 967,
                    "end": 988,
                    "text": "(Masaki et al., 2013)",
                    "ref_id": "BIBREF35"
                },
                {
                    "start": 1230,
                    "end": 1249,
                    "text": "(Wang et al., 2013)",
                    "ref_id": "BIBREF27"
                }
            ],
            "ref_spans": [],
            "section": "Mosquitoes"
        },
        {
            "text": "A compelling case can be made that even a modest investment toward understanding the basic molecular and cell biology of these neglected pathogens has a high probability of providing insights into novel ways of combating these diseases-and perhaps others as well. For example, electron microscopic analysis of filarial nematodes in the 1970s led to the discovery that they maintain a bacterial endosymbiont, later identified as Wolbachia (McLaren et al., 1975; Kozek and Marroquin, 1977) . This observation provided the foundation for successful anti-Wolbachia-based treatments of the filarial nematode-caused diseases described above. Another example is yaws. Yaws is among the truly neglected diseases, and even the most basic analysis of its interactions with host tissue has yet to be performed. My bet is that given a bottle of formaldehyde, a handful of fluorescent probes, and a microscope, these organisms would quickly yield exciting results.",
            "cite_spans": [
                {
                    "start": 438,
                    "end": 460,
                    "text": "(McLaren et al., 1975;",
                    "ref_id": "BIBREF37"
                },
                {
                    "start": 461,
                    "end": 487,
                    "text": "Kozek and Marroquin, 1977)",
                    "ref_id": "BIBREF30"
                }
            ],
            "ref_spans": [],
            "section": "Mosquitoes"
        }
    ],
    "bib_entries": {
        "BIBREF0": {
            "ref_id": "b0",
            "title": "Viral apoptotic mimicry",
            "authors": [
                {
                    "first": "A",
                    "middle": [],
                    "last": "Amara",
                    "suffix": ""
                },
                {
                    "first": "J",
                    "middle": [],
                    "last": "Mercer",
                    "suffix": ""
                }
            ],
            "year": 2015,
            "venue": "Nat Rev Microbiol",
            "volume": "13",
            "issn": "",
            "pages": "461--469",
            "other_ids": {}
        },
        "BIBREF1": {
            "ref_id": "b1",
            "title": "Onchocerciasis in Guatemala. III. Daytime periodicity of microfilariae in skin",
            "authors": [
                {
                    "first": "R",
                    "middle": [
                        "I"
                    ],
                    "last": "Anderson",
                    "suffix": ""
                },
                {
                    "first": "L",
                    "middle": [
                        "E"
                    ],
                    "last": "Fazen",
                    "suffix": ""
                },
                {
                    "first": "A",
                    "middle": [
                        "A"
                    ],
                    "last": "Buck",
                    "suffix": ""
                }
            ],
            "year": 1975,
            "venue": "Am J Trop Med Hyg",
            "volume": "24",
            "issn": "",
            "pages": "62--65",
            "other_ids": {}
        },
        "BIBREF2": {
            "ref_id": "b2",
            "title": "Why does infection with some helminths cause cancer?",
            "authors": [
                {
                    "first": "P",
                    "middle": [
                        "J"
                    ],
                    "last": "Brindley",
                    "suffix": ""
                },
                {
                    "first": "J",
                    "middle": [
                        "M"
                    ],
                    "last": "Da Costa",
                    "suffix": ""
                },
                {
                    "first": "B",
                    "middle": [],
                    "last": "Sripa",
                    "suffix": ""
                }
            ],
            "year": 2015,
            "venue": "Trends Cancer",
            "volume": "1",
            "issn": "",
            "pages": "174--182",
            "other_ids": {}
        },
        "BIBREF3": {
            "ref_id": "b3",
            "title": "Chlamydial infection induces host cytokinesis failure at abscission",
            "authors": [
                {
                    "first": "H",
                    "middle": [],
                    "last": "Brown",
                    "suffix": ""
                },
                {
                    "first": "A",
                    "middle": [],
                    "last": "Knowlton",
                    "suffix": ""
                },
                {
                    "first": "S",
                    "middle": [],
                    "last": "Grieshaber",
                    "suffix": ""
                }
            ],
            "year": 2012,
            "venue": "Cell Microbiol",
            "volume": "14",
            "issn": "",
            "pages": "1554--1567",
            "other_ids": {}
        },
        "BIBREF4": {
            "ref_id": "b4",
            "title": "Mother Nature's surprises",
            "authors": [
                {
                    "first": "S",
                    "middle": [],
                    "last": "Cairncross",
                    "suffix": ""
                }
            ],
            "year": 2014,
            "venue": "Am J Trop Med Hyg",
            "volume": "90",
            "issn": "",
            "pages": "3--4",
            "other_ids": {}
        },
        "BIBREF5": {
            "ref_id": "b5",
            "title": "Molecular control of irreversible bistability during trypanosome developmental commitment",
            "authors": [
                {
                    "first": "M",
                    "middle": [],
                    "last": "Domingo-Sananes",
                    "suffix": ""
                },
                {
                    "first": "B",
                    "middle": [],
                    "last": "Sz\u00f6o &quot;r",
                    "suffix": ""
                },
                {
                    "first": "M",
                    "middle": [],
                    "last": "Ferguson",
                    "suffix": ""
                },
                {
                    "first": "M",
                    "middle": [],
                    "last": "Urbaniak",
                    "suffix": ""
                },
                {
                    "first": "K",
                    "middle": [],
                    "last": "Matthews",
                    "suffix": ""
                }
            ],
            "year": 2015,
            "venue": "J Cell Biol",
            "volume": "211",
            "issn": "",
            "pages": "455--468",
            "other_ids": {}
        },
        "BIBREF6": {
            "ref_id": "b6",
            "title": "Macromolecular trafficking and immune evasion in African trypanosomes",
            "authors": [
                {
                    "first": "M",
                    "middle": [],
                    "last": "Field",
                    "suffix": ""
                },
                {
                    "first": "J",
                    "middle": [],
                    "last": "Lumb",
                    "suffix": ""
                },
                {
                    "first": "V",
                    "middle": [],
                    "last": "Adung&apos;a",
                    "suffix": ""
                },
                {
                    "first": "N",
                    "middle": [],
                    "last": "Jones",
                    "suffix": ""
                },
                {
                    "first": "M",
                    "middle": [],
                    "last": "Engstler",
                    "suffix": ""
                }
            ],
            "year": 2009,
            "venue": "Int Rev Cell Mol Biol",
            "volume": "278",
            "issn": "",
            "pages": "1--67",
            "other_ids": {}
        },
        "BIBREF7": {
            "ref_id": "b7",
            "title": "The Wolbachia genome of Brugia malayi: endosymbiont evolution within a human pathogenic nematode",
            "authors": [
                {
                    "first": "J",
                    "middle": [],
                    "last": "Foster",
                    "suffix": ""
                },
                {
                    "first": "M",
                    "middle": [],
                    "last": "Ganatra",
                    "suffix": ""
                },
                {
                    "first": "I",
                    "middle": [],
                    "last": "Kamal",
                    "suffix": ""
                },
                {
                    "first": "J",
                    "middle": [],
                    "last": "Ware",
                    "suffix": ""
                },
                {
                    "first": "K",
                    "middle": [],
                    "last": "Makarova",
                    "suffix": ""
                },
                {
                    "first": "N",
                    "middle": [],
                    "last": "Ivanova",
                    "suffix": ""
                },
                {
                    "first": "A",
                    "middle": [],
                    "last": "Bhattacharyya",
                    "suffix": ""
                },
                {
                    "first": "V",
                    "middle": [],
                    "last": "Kapatral",
                    "suffix": ""
                },
                {
                    "first": "S",
                    "middle": [],
                    "last": "Kumar",
                    "suffix": ""
                },
                {
                    "first": "J",
                    "middle": [],
                    "last": "Posfai",
                    "suffix": ""
                }
            ],
            "year": 2005,
            "venue": "PLoS Biol",
            "volume": "3",
            "issn": "",
            "pages": "599--614",
            "other_ids": {}
        },
        "BIBREF8": {
            "ref_id": "b8",
            "title": "Longevity and ageing in parasitic and free-living nematodes",
            "authors": [],
            "year": 2000,
            "venue": "Biogerontology",
            "volume": "1",
            "issn": "",
            "pages": "289--307",
            "other_ids": {}
        },
        "BIBREF9": {
            "ref_id": "b9",
            "title": "Draft genome of the filarial nematode parasite Brugia malayi",
            "authors": [
                {
                    "first": "E",
                    "middle": [],
                    "last": "Ghedin",
                    "suffix": ""
                },
                {
                    "first": "S",
                    "middle": [],
                    "last": "Wang",
                    "suffix": ""
                },
                {
                    "first": "D",
                    "middle": [],
                    "last": "Spiro",
                    "suffix": ""
                },
                {
                    "first": "E",
                    "middle": [],
                    "last": "Caler",
                    "suffix": ""
                },
                {
                    "first": "Q",
                    "middle": [],
                    "last": "Zhao",
                    "suffix": ""
                },
                {
                    "first": "J",
                    "middle": [],
                    "last": "Crabtree",
                    "suffix": ""
                },
                {
                    "first": "J",
                    "middle": [],
                    "last": "Allen",
                    "suffix": ""
                },
                {
                    "first": "A",
                    "middle": [],
                    "last": "Delcher",
                    "suffix": ""
                },
                {
                    "first": "D",
                    "middle": [],
                    "last": "Guiliano",
                    "suffix": ""
                },
                {
                    "first": "D",
                    "middle": [],
                    "last": "Miranda-Saavedra",
                    "suffix": ""
                }
            ],
            "year": 2007,
            "venue": "Science",
            "volume": "317",
            "issn": "",
            "pages": "1756--1760",
            "other_ids": {}
        },
        "BIBREF10": {
            "ref_id": "b10",
            "title": "Pleiotropic molecular effects of the Mycobacterium ulcerans virulence factor mycolactone underlying the cell death and immunosuppression seen in Buruli ulcer",
            "authors": [
                {
                    "first": "B",
                    "middle": [],
                    "last": "Hall",
                    "suffix": ""
                },
                {
                    "first": "R",
                    "middle": [],
                    "last": "Simmonds",
                    "suffix": ""
                }
            ],
            "year": 2014,
            "venue": "Biochem Soc Trans",
            "volume": "42",
            "issn": "",
            "pages": "177--183",
            "other_ids": {}
        },
        "BIBREF11": {
            "ref_id": "b11",
            "title": "Trypanosome motion represents an adaptation to the crowded environment of the vertebrate bloodstream",
            "authors": [
                {
                    "first": "N",
                    "middle": [],
                    "last": "Heddergott",
                    "suffix": ""
                },
                {
                    "first": "T",
                    "middle": [],
                    "last": "Kruger",
                    "suffix": ""
                },
                {
                    "first": "S",
                    "middle": [],
                    "last": "Babu",
                    "suffix": ""
                },
                {
                    "first": "A",
                    "middle": [],
                    "last": "Wei",
                    "suffix": ""
                },
                {
                    "first": "E",
                    "middle": [],
                    "last": "Stellamanns",
                    "suffix": ""
                },
                {
                    "first": "S",
                    "middle": [],
                    "last": "Uppaluri",
                    "suffix": ""
                },
                {
                    "first": "T",
                    "middle": [],
                    "last": "Pfohl",
                    "suffix": ""
                },
                {
                    "first": "H",
                    "middle": [],
                    "last": "Stark",
                    "suffix": ""
                },
                {
                    "first": "M",
                    "middle": [],
                    "last": "Engstler",
                    "suffix": ""
                }
            ],
            "year": 2012,
            "venue": "PLoS Pathog",
            "volume": "8",
            "issn": "",
            "pages": "",
            "other_ids": {}
        },
        "BIBREF12": {
            "ref_id": "b12",
            "title": "Control of neglected tropical diseases",
            "authors": [
                {
                    "first": "P",
                    "middle": [],
                    "last": "Hotez",
                    "suffix": ""
                },
                {
                    "first": "D",
                    "middle": [],
                    "last": "Molyneux",
                    "suffix": ""
                },
                {
                    "first": "A",
                    "middle": [],
                    "last": "Fenwick",
                    "suffix": ""
                },
                {
                    "first": "J",
                    "middle": [],
                    "last": "Kumaresan",
                    "suffix": ""
                },
                {
                    "first": "S",
                    "middle": [],
                    "last": "Sachs",
                    "suffix": ""
                },
                {
                    "first": "J",
                    "middle": [],
                    "last": "Sachs",
                    "suffix": ""
                },
                {
                    "first": "L",
                    "middle": [],
                    "last": "Savioli",
                    "suffix": ""
                }
            ],
            "year": 2007,
            "venue": "N Engl J Med",
            "volume": "357",
            "issn": "",
            "pages": "1018--1027",
            "other_ids": {}
        },
        "BIBREF13": {
            "ref_id": "b13",
            "title": "Waging peace through neglected tropical disease control: a US foreign policy for the bottom billion",
            "authors": [
                {
                    "first": "P",
                    "middle": [],
                    "last": "Hotez",
                    "suffix": ""
                },
                {
                    "first": "T",
                    "middle": [],
                    "last": "Thompson",
                    "suffix": ""
                }
            ],
            "year": 2009,
            "venue": "PLoS Negl Trop Dis",
            "volume": "3",
            "issn": "",
            "pages": "",
            "other_ids": {}
        },
        "BIBREF14": {
            "ref_id": "b14",
            "title": "The role of peptidoglycan in chlamydial cell division: towards resolving the chlamydial anomaly",
            "authors": [
                {
                    "first": "N",
                    "middle": [],
                    "last": "Jacquier",
                    "suffix": ""
                },
                {
                    "first": "P",
                    "middle": [
                        "H"
                    ],
                    "last": "Viollier",
                    "suffix": ""
                },
                {
                    "first": "G",
                    "middle": [],
                    "last": "Greub",
                    "suffix": ""
                }
            ],
            "year": 2015,
            "venue": "FEMS Microbiol Rev",
            "volume": "39",
            "issn": "",
            "pages": "262--275",
            "other_ids": {}
        },
        "BIBREF15": {
            "ref_id": "b15",
            "title": "The 10/90 gap in sub-Saharan Africa: resolving inequities in health research",
            "authors": [
                {
                    "first": "W",
                    "middle": [],
                    "last": "Kilama",
                    "suffix": ""
                }
            ],
            "year": 2009,
            "venue": "Acta Trop",
            "volume": "112",
            "issn": "",
            "pages": "8--15",
            "other_ids": {}
        },
        "BIBREF16": {
            "ref_id": "b16",
            "title": "Parasite manipulation of the proximate mechanisms that mediate social behavior in vertebrates",
            "authors": [
                {
                    "first": "S",
                    "middle": [],
                    "last": "Klein",
                    "suffix": ""
                }
            ],
            "year": 2003,
            "venue": "Physiol Behavior",
            "volume": "79",
            "issn": "",
            "pages": "441--449",
            "other_ids": {}
        },
        "BIBREF17": {
            "ref_id": "b17",
            "title": "Chromatin diminution in the parasitic nematodes Ascaris suum and Parascaris univalens",
            "authors": [
                {
                    "first": "F",
                    "middle": [],
                    "last": "M\u00fcller",
                    "suffix": ""
                },
                {
                    "first": "H",
                    "middle": [],
                    "last": "Tobler",
                    "suffix": ""
                }
            ],
            "year": 2000,
            "venue": "Int J Parasitol",
            "volume": "10",
            "issn": "",
            "pages": "391--399",
            "other_ids": {}
        },
        "BIBREF18": {
            "ref_id": "b18",
            "title": "Quantifying the burden of disease: the technical basis for disability-adjusted life years",
            "authors": [
                {
                    "first": "C",
                    "middle": [],
                    "last": "Murray",
                    "suffix": ""
                }
            ],
            "year": 1994,
            "venue": "Bull World Health Organ",
            "volume": "72",
            "issn": "",
            "pages": "429--445",
            "other_ids": {}
        },
        "BIBREF19": {
            "ref_id": "b19",
            "title": "Interaction of the rabies virus P protein with the LC8 dynein light chain",
            "authors": [
                {
                    "first": "H",
                    "middle": [],
                    "last": "Raux",
                    "suffix": ""
                },
                {
                    "first": "A",
                    "middle": [],
                    "last": "Flamand",
                    "suffix": ""
                },
                {
                    "first": "D",
                    "middle": [],
                    "last": "Blondel",
                    "suffix": ""
                }
            ],
            "year": 2000,
            "venue": "J Virol",
            "volume": "74",
            "issn": "",
            "pages": "10212--10216",
            "other_ids": {}
        },
        "BIBREF20": {
            "ref_id": "b20",
            "title": "Trypanosome RNA editing: the complexity of getting U in and taking U out",
            "authors": [
                {
                    "first": "L",
                    "middle": [
                        "K"
                    ],
                    "last": "Read",
                    "suffix": ""
                },
                {
                    "first": "J",
                    "middle": [],
                    "last": "Luke\u0161",
                    "suffix": ""
                },
                {
                    "first": "H",
                    "middle": [],
                    "last": "Hashimi",
                    "suffix": ""
                }
            ],
            "year": 2016,
            "venue": "Wiley Interdiscip Rev RNA",
            "volume": "7",
            "issn": "",
            "pages": "33--51",
            "other_ids": {}
        },
        "BIBREF21": {
            "ref_id": "b21",
            "title": "Molecular mimicry between Mycobacterium leprae proteins (50S ribosomal protein L2 and Lysyl-tRNA synthetase) and myelin basic protein: a possible mechanism of nerve damage in leprosy",
            "authors": [
                {
                    "first": "I",
                    "middle": [],
                    "last": "Singh",
                    "suffix": ""
                },
                {
                    "first": "A",
                    "middle": [
                        "R"
                    ],
                    "last": "Yadav",
                    "suffix": ""
                },
                {
                    "first": "K",
                    "middle": [
                        "K"
                    ],
                    "last": "Mohanty",
                    "suffix": ""
                },
                {
                    "first": "K",
                    "middle": [],
                    "last": "Katoch",
                    "suffix": ""
                },
                {
                    "first": "P",
                    "middle": [],
                    "last": "Sharma",
                    "suffix": ""
                },
                {
                    "first": "B",
                    "middle": [],
                    "last": "Mishra",
                    "suffix": ""
                },
                {
                    "first": "D",
                    "middle": [],
                    "last": "Bisht",
                    "suffix": ""
                },
                {
                    "first": "U",
                    "middle": [
                        "D"
                    ],
                    "last": "Gupta",
                    "suffix": ""
                },
                {
                    "first": "U",
                    "middle": [],
                    "last": "Sengupta",
                    "suffix": ""
                }
            ],
            "year": 2015,
            "venue": "Microbes Infect",
            "volume": "17",
            "issn": "",
            "pages": "247--257",
            "other_ids": {}
        },
        "BIBREF22": {
            "ref_id": "b22",
            "title": "Anti-Wolbachia treatment for lymphatic filariasis",
            "authors": [
                {
                    "first": "W",
                    "middle": [],
                    "last": "Stolk",
                    "suffix": ""
                },
                {
                    "first": "S",
                    "middle": [
                        "J"
                    ],
                    "last": "De Vlas",
                    "suffix": ""
                },
                {
                    "first": "J",
                    "middle": [
                        "D"
                    ],
                    "last": "Habbema",
                    "suffix": ""
                }
            ],
            "year": 2005,
            "venue": "Lancet",
            "volume": "365",
            "issn": "",
            "pages": "2067--2068",
            "other_ids": {}
        },
        "BIBREF23": {
            "ref_id": "b23",
            "title": "Single molecule sequencing and genome assembly of a clinical specimen of Loa loa, the causative agent of loiasis",
            "authors": [
                {
                    "first": "L",
                    "middle": [],
                    "last": "Tallon",
                    "suffix": ""
                },
                {
                    "first": "X",
                    "middle": [],
                    "last": "Liu",
                    "suffix": ""
                },
                {
                    "first": "S",
                    "middle": [],
                    "last": "Bennuru",
                    "suffix": ""
                },
                {
                    "first": "M",
                    "middle": [],
                    "last": "Chibucos",
                    "suffix": ""
                },
                {
                    "first": "A",
                    "middle": [],
                    "last": "Godinez",
                    "suffix": ""
                },
                {
                    "first": "S",
                    "middle": [],
                    "last": "Ott",
                    "suffix": ""
                },
                {
                    "first": "X",
                    "middle": [],
                    "last": "Zhao",
                    "suffix": ""
                },
                {
                    "first": "L",
                    "middle": [],
                    "last": "Sadzewicz",
                    "suffix": ""
                },
                {
                    "first": "C",
                    "middle": [],
                    "last": "Fraser",
                    "suffix": ""
                },
                {
                    "first": "T",
                    "middle": [],
                    "last": "Nutman",
                    "suffix": ""
                },
                {
                    "first": "Dunning",
                    "middle": [],
                    "last": "Hotopp",
                    "suffix": ""
                },
                {
                    "first": "J",
                    "middle": [],
                    "last": "",
                    "suffix": ""
                }
            ],
            "year": 2014,
            "venue": "BMC Genomics",
            "volume": "15",
            "issn": "",
            "pages": "",
            "other_ids": {}
        },
        "BIBREF24": {
            "ref_id": "b24",
            "title": "Co-existence of Echinococcus granulosus infection and cancer metastasis in the liver correlates with reduced Th1 immune responses",
            "authors": [
                {
                    "first": "N",
                    "middle": [],
                    "last": "Turhan",
                    "suffix": ""
                },
                {
                    "first": "G",
                    "middle": [],
                    "last": "Esendagli",
                    "suffix": ""
                },
                {
                    "first": "O",
                    "middle": [],
                    "last": "Ozkayar",
                    "suffix": ""
                },
                {
                    "first": "G",
                    "middle": [],
                    "last": "Tunali",
                    "suffix": ""
                },
                {
                    "first": "C",
                    "middle": [],
                    "last": "Sokmensuer",
                    "suffix": ""
                },
                {
                    "first": "O",
                    "middle": [],
                    "last": "Abbasoglu",
                    "suffix": ""
                }
            ],
            "year": 2015,
            "venue": "Parasite Immunol",
            "volume": "37",
            "issn": "",
            "pages": "16--22",
            "other_ids": {}
        },
        "BIBREF25": {
            "ref_id": "b25",
            "title": "The life cycle of Trypanosoma cruzi revisited",
            "authors": [
                {
                    "first": "K",
                    "middle": [],
                    "last": "Tyler",
                    "suffix": ""
                },
                {
                    "first": "D",
                    "middle": [],
                    "last": "Engman",
                    "suffix": ""
                }
            ],
            "year": 2001,
            "venue": "Int J Parasitol",
            "volume": "31",
            "issn": "",
            "pages": "472--481",
            "other_ids": {}
        },
        "BIBREF26": {
            "ref_id": "b26",
            "title": "The trypanosome flagellum",
            "authors": [
                {
                    "first": "S",
                    "middle": [],
                    "last": "Vaughan",
                    "suffix": ""
                },
                {
                    "first": "K",
                    "middle": [],
                    "last": "Gull",
                    "suffix": ""
                }
            ],
            "year": 2003,
            "venue": "J Cell Sci",
            "volume": "116",
            "issn": "",
            "pages": "757--759",
            "other_ids": {}
        },
        "BIBREF27": {
            "ref_id": "b27",
            "title": "Functional genomic characterization of neoblast-like stem cells in larval Schistosoma mansoni",
            "authors": [
                {
                    "first": "B",
                    "middle": [],
                    "last": "Wang",
                    "suffix": ""
                },
                {
                    "first": "J",
                    "middle": [],
                    "last": "Collins",
                    "suffix": ""
                },
                {
                    "first": "P",
                    "middle": [],
                    "last": "Newmark",
                    "suffix": ""
                }
            ],
            "year": 2013,
            "venue": "",
            "volume": "2",
            "issn": "",
            "pages": "",
            "other_ids": {}
        },
        "BIBREF28": {
            "ref_id": "b28",
            "title": "Taenia solium cysticercosis: hostparasite interactions and the immune response",
            "authors": [
                {
                    "first": "A",
                    "middle": [],
                    "last": "White",
                    "suffix": ""
                },
                {
                    "first": "P",
                    "middle": [],
                    "last": "Robinson",
                    "suffix": ""
                },
                {
                    "first": "R",
                    "middle": [],
                    "last": "Kuhn",
                    "suffix": ""
                }
            ],
            "year": 1997,
            "venue": "Chem Immunol",
            "volume": "66",
            "issn": "",
            "pages": "209--230",
            "other_ids": {}
        },
        "BIBREF29": {
            "ref_id": "b29",
            "title": "Re-evaluating the burden of rabies in Africa and Asia",
            "authors": [
                {
                    "first": "D",
                    "middle": [],
                    "last": "Knobel",
                    "suffix": ""
                },
                {
                    "first": "L",
                    "middle": [],
                    "last": "Cleaveland",
                    "suffix": ""
                },
                {
                    "first": "P",
                    "middle": [],
                    "last": "Coleman",
                    "suffix": ""
                },
                {
                    "first": "E",
                    "middle": [],
                    "last": "Fevre",
                    "suffix": ""
                },
                {
                    "first": "M",
                    "middle": [],
                    "last": "Meltzer",
                    "suffix": ""
                },
                {
                    "first": "M",
                    "middle": [],
                    "last": "Miranda",
                    "suffix": ""
                },
                {
                    "first": "A",
                    "middle": [],
                    "last": "Shaw",
                    "suffix": ""
                },
                {
                    "first": "J",
                    "middle": [],
                    "last": "Zinsstag",
                    "suffix": ""
                },
                {
                    "first": "F",
                    "middle": [],
                    "last": "Meslin",
                    "suffix": ""
                }
            ],
            "year": 2005,
            "venue": "Bull World Health Organ",
            "volume": "83",
            "issn": "",
            "pages": "360--368",
            "other_ids": {}
        },
        "BIBREF30": {
            "ref_id": "b30",
            "title": "Intracytoplasmic bacteria in Onchocerca volvulus",
            "authors": [
                {
                    "first": "W",
                    "middle": [],
                    "last": "Kozek",
                    "suffix": ""
                },
                {
                    "first": "H",
                    "middle": [],
                    "last": "Marroquin",
                    "suffix": ""
                }
            ],
            "year": 1977,
            "venue": "Am J Trop Med Hyg",
            "volume": "26",
            "issn": "",
            "pages": "663--678",
            "other_ids": {}
        },
        "BIBREF31": {
            "ref_id": "b31",
            "title": "Co-evolution between an endosymbiont and its nematode host: Wolbachia asymmetric posterior localization and AP polarity establishment",
            "authors": [
                {
                    "first": "F",
                    "middle": [],
                    "last": "Landmann",
                    "suffix": ""
                },
                {
                    "first": "J",
                    "middle": [],
                    "last": "Foster",
                    "suffix": ""
                },
                {
                    "first": "M",
                    "middle": [],
                    "last": "Michalski",
                    "suffix": ""
                },
                {
                    "first": "B",
                    "middle": [],
                    "last": "Slatko",
                    "suffix": ""
                },
                {
                    "first": "W",
                    "middle": [],
                    "last": "Sullivan",
                    "suffix": ""
                }
            ],
            "year": 2014,
            "venue": "PLoS Negl Trop Dis",
            "volume": "8",
            "issn": "",
            "pages": "",
            "other_ids": {}
        },
        "BIBREF32": {
            "ref_id": "b32",
            "title": "Anti-filarial activity of antibiotic therapy is due to extensive apoptosis after Wolbachia depletion from filarial nematodes",
            "authors": [
                {
                    "first": "F",
                    "middle": [],
                    "last": "Landmann",
                    "suffix": ""
                },
                {
                    "first": "D",
                    "middle": [],
                    "last": "Voronin",
                    "suffix": ""
                },
                {
                    "first": "W",
                    "middle": [],
                    "last": "Sullivan",
                    "suffix": ""
                },
                {
                    "first": "M",
                    "middle": [],
                    "last": "Taylor",
                    "suffix": ""
                }
            ],
            "year": 2011,
            "venue": "PLoS Pathog",
            "volume": "7",
            "issn": "",
            "pages": "",
            "other_ids": {}
        },
        "BIBREF33": {
            "ref_id": "b33",
            "title": "TbPIF1, a Trypanosoma brucei mitochondrial DNA helicase, is essential for kinetoplast minicircle replication",
            "authors": [
                {
                    "first": "B",
                    "middle": [],
                    "last": "Liu",
                    "suffix": ""
                },
                {
                    "first": "G",
                    "middle": [],
                    "last": "Yildirir",
                    "suffix": ""
                },
                {
                    "first": "J",
                    "middle": [],
                    "last": "Wang",
                    "suffix": ""
                },
                {
                    "first": "G",
                    "middle": [],
                    "last": "Tolun",
                    "suffix": ""
                },
                {
                    "first": "J",
                    "middle": [
                        "D"
                    ],
                    "last": "Griffith",
                    "suffix": ""
                },
                {
                    "first": "P",
                    "middle": [
                        "T"
                    ],
                    "last": "Englund",
                    "suffix": ""
                }
            ],
            "year": 2010,
            "venue": "J Biol Chem",
            "volume": "285",
            "issn": "",
            "pages": "7056--7066",
            "other_ids": {}
        },
        "BIBREF34": {
            "ref_id": "b34",
            "title": "Mycobacterial toxin induces analgesia in buruli ulcer by targeting the angiotensin pathways",
            "authors": [
                {
                    "first": "E",
                    "middle": [],
                    "last": "Marion",
                    "suffix": ""
                },
                {
                    "first": "O",
                    "middle": [
                        "R"
                    ],
                    "last": "Song",
                    "suffix": ""
                },
                {
                    "first": "Christophe",
                    "middle": [
                        "T"
                    ],
                    "last": "Babonneau",
                    "suffix": ""
                },
                {
                    "first": "J",
                    "middle": [],
                    "last": "Fenistein",
                    "suffix": ""
                },
                {
                    "first": "D",
                    "middle": [],
                    "last": "Eyer",
                    "suffix": ""
                },
                {
                    "first": "J",
                    "middle": [],
                    "last": "Letournel",
                    "suffix": ""
                },
                {
                    "first": "F",
                    "middle": [],
                    "last": "Henrion",
                    "suffix": ""
                },
                {
                    "first": "D",
                    "middle": [],
                    "last": "Clere",
                    "suffix": ""
                },
                {
                    "first": "N",
                    "middle": [],
                    "last": "Paille",
                    "suffix": ""
                },
                {
                    "first": "V",
                    "middle": [],
                    "last": "",
                    "suffix": ""
                }
            ],
            "year": 2014,
            "venue": "Cell",
            "volume": "57",
            "issn": "",
            "pages": "1565--1576",
            "other_ids": {}
        },
        "BIBREF35": {
            "ref_id": "b35",
            "title": "Reprogramming adult Schwann cells to stem cell-like cells by leprosy bacilli promotes dissemination of infection",
            "authors": [
                {
                    "first": "T",
                    "middle": [],
                    "last": "Masaki",
                    "suffix": ""
                },
                {
                    "first": "J",
                    "middle": [],
                    "last": "Qu",
                    "suffix": ""
                },
                {
                    "first": "J",
                    "middle": [],
                    "last": "Cholewa-Waclaw",
                    "suffix": ""
                },
                {
                    "first": "K",
                    "middle": [],
                    "last": "Burr",
                    "suffix": ""
                },
                {
                    "first": "R",
                    "middle": [],
                    "last": "Raaum",
                    "suffix": ""
                },
                {
                    "first": "A",
                    "middle": [],
                    "last": "Rambukkana",
                    "suffix": ""
                }
            ],
            "year": 2013,
            "venue": "Cell",
            "volume": "152",
            "issn": "",
            "pages": "51--67",
            "other_ids": {}
        },
        "BIBREF36": {
            "ref_id": "b36",
            "title": "Secretory pathway of trypanosomatid parasites",
            "authors": [
                {
                    "first": "M",
                    "middle": [
                        "J"
                    ],
                    "last": "Mcconville",
                    "suffix": ""
                },
                {
                    "first": "K",
                    "middle": [
                        "A"
                    ],
                    "last": "Mullin",
                    "suffix": ""
                },
                {
                    "first": "S",
                    "middle": [
                        "C"
                    ],
                    "last": "Ilgoutz",
                    "suffix": ""
                },
                {
                    "first": "R",
                    "middle": [
                        "D"
                    ],
                    "last": "Teasdale",
                    "suffix": ""
                }
            ],
            "year": 2002,
            "venue": "Microbiol Mol Biol Rev",
            "volume": "66",
            "issn": "",
            "pages": "122--154",
            "other_ids": {}
        },
        "BIBREF37": {
            "ref_id": "b37",
            "title": "Micro-organisms in filarial larvae (Nematoda)",
            "authors": [
                {
                    "first": "D",
                    "middle": [],
                    "last": "Mclaren",
                    "suffix": ""
                },
                {
                    "first": "M",
                    "middle": [],
                    "last": "Worms",
                    "suffix": ""
                },
                {
                    "first": "B",
                    "middle": [],
                    "last": "Laurence",
                    "suffix": ""
                },
                {
                    "first": "M",
                    "middle": [],
                    "last": "Simpson",
                    "suffix": ""
                }
            ],
            "year": 1975,
            "venue": "Trans R Soc Trop Med Hyg",
            "volume": "69",
            "issn": "",
            "pages": "509--514",
            "other_ids": {}
        },
        "BIBREF38": {
            "ref_id": "b38",
            "title": "The immunology of human hookworm infections",
            "authors": [
                {
                    "first": "H",
                    "middle": [
                        "J"
                    ],
                    "last": "Mcsorley",
                    "suffix": ""
                },
                {
                    "first": "A",
                    "middle": [],
                    "last": "Loukas",
                    "suffix": ""
                }
            ],
            "year": 2010,
            "venue": "Parasite Immunol",
            "volume": "32",
            "issn": "",
            "pages": "549--559",
            "other_ids": {}
        },
        "BIBREF39": {
            "ref_id": "b39",
            "title": "Molecular characterization of the complete genome of a street rabies virus isolated in China",
            "authors": [
                {
                    "first": "P",
                    "middle": [],
                    "last": "Ming",
                    "suffix": ""
                },
                {
                    "first": "J",
                    "middle": [],
                    "last": "Du",
                    "suffix": ""
                },
                {
                    "first": "Q",
                    "middle": [],
                    "last": "Tang",
                    "suffix": ""
                },
                {
                    "first": "J",
                    "middle": [],
                    "last": "Yan",
                    "suffix": ""
                },
                {
                    "first": "S",
                    "middle": [],
                    "last": "Nadin-Davis",
                    "suffix": ""
                },
                {
                    "first": "H",
                    "middle": [],
                    "last": "Li",
                    "suffix": ""
                },
                {
                    "first": "X",
                    "middle": [],
                    "last": "Tao",
                    "suffix": ""
                },
                {
                    "first": "Y",
                    "middle": [],
                    "last": "Huang",
                    "suffix": ""
                },
                {
                    "first": "R",
                    "middle": [],
                    "last": "Hu",
                    "suffix": ""
                },
                {
                    "first": "G",
                    "middle": [],
                    "last": "Liang",
                    "suffix": ""
                }
            ],
            "year": 2009,
            "venue": "Virus Res",
            "volume": "143",
            "issn": "",
            "pages": "6--14",
            "other_ids": {}
        },
        "BIBREF40": {
            "ref_id": "b40",
            "title": "Increased radiosensitivity in cells of two human cell lines treated with bystander medium from irradiated repair-deficient cells",
            "authors": [
                {
                    "first": "C",
                    "middle": [],
                    "last": "Mothersill",
                    "suffix": ""
                },
                {
                    "first": "R",
                    "middle": [],
                    "last": "Seymour",
                    "suffix": ""
                },
                {
                    "first": "C",
                    "middle": [],
                    "last": "Seymour",
                    "suffix": ""
                }
            ],
            "year": 2006,
            "venue": "Radiat Res",
            "volume": "165",
            "issn": "",
            "pages": "26--34",
            "other_ids": {}
        }
    },
    "ref_entries": {
        "TABREF2": {
            "text": "The 17 neglected tropical diseases listed by the WHO.",
            "latex": null,
            "type": "table"
        }
    },
    "back_matter": [
        {
            "text": "This work was supported by a National Institutes of Health grant (83512-443638) to W.S. I thank Catherina Lindley and the reviewers for helpful comments and editing.",
            "cite_spans": [],
            "ref_spans": [],
            "section": "ACKNOWLEDGMENTS"
        }
    ]
}