{
    "paper_id": "e3d75d7baf118918395a6950b724215ec2c8023c",
    "metadata": {
        "title": "Identification and Typing of Human Enterovirus: A Genomic Barcode Approach",
        "authors": [
            {
                "first": "Chengguo",
                "middle": [],
                "last": "Wei",
                "suffix": "",
                "affiliation": {
                    "laboratory": "",
                    "institution": "Norman Bethune Medical College of Jilin University",
                    "location": {
                        "settlement": "Changchun, Jilin",
                        "country": "China"
                    }
                },
                "email": ""
            },
            {
                "first": "Guoqing",
                "middle": [],
                "last": "Wang",
                "suffix": "",
                "affiliation": {
                    "laboratory": "",
                    "institution": "Norman Bethune Medical College of Jilin University",
                    "location": {
                        "settlement": "Changchun, Jilin",
                        "country": "China"
                    }
                },
                "email": ""
            },
            {
                "first": "Xin",
                "middle": [],
                "last": "Chen",
                "suffix": "",
                "affiliation": {
                    "laboratory": "",
                    "institution": "Jilin University",
                    "location": {
                        "settlement": "Changchun, Jilin",
                        "country": "China"
                    }
                },
                "email": ""
            },
            {
                "first": "Honglan",
                "middle": [],
                "last": "Huang",
                "suffix": "",
                "affiliation": {
                    "laboratory": "",
                    "institution": "Norman Bethune Medical College of Jilin University",
                    "location": {
                        "settlement": "Changchun, Jilin",
                        "country": "China"
                    }
                },
                "email": ""
            },
            {
                "first": "Bin",
                "middle": [],
                "last": "Liu",
                "suffix": "",
                "affiliation": {
                    "laboratory": "",
                    "institution": "The First Bethune Hospital of Jilin University",
                    "location": {
                        "settlement": "Changchun, Jilin",
                        "country": "China"
                    }
                },
                "email": ""
            },
            {
                "first": "Ying",
                "middle": [],
                "last": "Xu",
                "suffix": "",
                "affiliation": {
                    "laboratory": "Computational Systems Biology Laboratory",
                    "institution": "University of Georgia",
                    "location": {
                        "settlement": "Athens",
                        "region": "Georgia",
                        "country": "United States of America"
                    }
                },
                "email": ""
            },
            {
                "first": "Fan",
                "middle": [],
                "last": "Li",
                "suffix": "",
                "affiliation": {
                    "laboratory": "",
                    "institution": "Norman Bethune Medical College of Jilin University",
                    "location": {
                        "settlement": "Changchun, Jilin",
                        "country": "China"
                    }
                },
                "email": "lifan@jlu.edu.cnfl"
            }
        ]
    },
    "abstract": [
        {
            "text": "Identification and typing of human enterovirus (HEVs) are important to pathogen detection and therapy. Previous phylogeny-based typing methods are mainly based on multiple sequence alignments of specific genes in the HEVs, but the results are not stable with respect to different choices of genes. Here we report a novel method for identification and typing of HEVs based on information derived from their whole genomes. Specifically, we calculate the k-mer based barcode image for each genome, HEV or other human viruses, for a fixed k, 1,k,7, where a genome barcode is defined in terms of the kmer frequency distribution across the whole genome for all combinations of k-mers. A phylogenetic tree is constructed using a barcode-based distance and a neighbor-joining method among a set of 443 representative non-HEV human viruses and 395 HEV sequences. The tree shows a clear separation of the HEV viruses from all the non-HEV viruses with 100% accuracy and a separation of the HEVs into four distinct clads with 93.4% consistency with a multiple sequence alignmentbased phylogeny. Our detailed analyses of the HEVs having different typing results by the two methods indicate that our results are in better agreement with known information about the HEVs.",
            "cite_spans": [],
            "ref_spans": [],
            "section": "Abstract"
        }
    ],
    "body_text": [
        {
            "text": "Human enterovirus (HEVs) are a genus of (+)ssRNA viruses, and they are among the most common human viruses, causing a wide range of acute diseases, such as upper respiratory tract infection, febrile rash, encephalitis, acute flaccid paralysis [1] and severe chronic disorders [2, 3, 4, 5] . The prevalence and the clinical significance of HEVs are further manifested by multiple outbreaks of the hand, foot and mouth disease (HFMD) in Asia, mainly caused by enterovirus 71 [6, 7, 8, 9] . As of now, over 100 serotypes of the HEV have been documented [10, 11, 12, 13] , and only a handful of them can cause severe diseases [14] such as poliomyelitis by poliovirus [15] . It is known that 83.5% of the HEV-related disease cases were caused by 15 serotypes [16] . Therefore, classification of HEVs is important to designing novel diagnostic and treatment strategies.",
            "cite_spans": [
                {
                    "start": 243,
                    "end": 246,
                    "text": "[1]",
                    "ref_id": "BIBREF0"
                },
                {
                    "start": 276,
                    "end": 279,
                    "text": "[2,",
                    "ref_id": "BIBREF1"
                },
                {
                    "start": 280,
                    "end": 282,
                    "text": "3,",
                    "ref_id": "BIBREF2"
                },
                {
                    "start": 283,
                    "end": 285,
                    "text": "4,",
                    "ref_id": "BIBREF3"
                },
                {
                    "start": 286,
                    "end": 288,
                    "text": "5]",
                    "ref_id": "BIBREF4"
                },
                {
                    "start": 473,
                    "end": 476,
                    "text": "[6,",
                    "ref_id": "BIBREF5"
                },
                {
                    "start": 477,
                    "end": 479,
                    "text": "7,",
                    "ref_id": "BIBREF6"
                },
                {
                    "start": 480,
                    "end": 482,
                    "text": "8,",
                    "ref_id": "BIBREF7"
                },
                {
                    "start": 483,
                    "end": 485,
                    "text": "9]",
                    "ref_id": "BIBREF8"
                },
                {
                    "start": 550,
                    "end": 554,
                    "text": "[10,",
                    "ref_id": "BIBREF9"
                },
                {
                    "start": 555,
                    "end": 558,
                    "text": "11,",
                    "ref_id": "BIBREF10"
                },
                {
                    "start": 559,
                    "end": 562,
                    "text": "12,",
                    "ref_id": "BIBREF11"
                },
                {
                    "start": 563,
                    "end": 566,
                    "text": "13]",
                    "ref_id": "BIBREF12"
                },
                {
                    "start": 622,
                    "end": 626,
                    "text": "[14]",
                    "ref_id": "BIBREF13"
                },
                {
                    "start": 663,
                    "end": 667,
                    "text": "[15]",
                    "ref_id": "BIBREF14"
                },
                {
                    "start": 754,
                    "end": 758,
                    "text": "[16]",
                    "ref_id": "BIBREF15"
                }
            ],
            "ref_spans": [],
            "section": "Introduction"
        },
        {
            "text": "A number of methods have been developed for classification (typing) of HEVs. The traditional method, based on biological properties of viruses such as antigenic differences [17] , subdivided HEVs into poliovirus (PV), coxsackievirus (CV) groups A and B, echovirus, and the 'new' serotypes designated as EV-68 through EV-71 [18, 19, 20] . This method is expensive and time consuming, and could not handle some of the recently discovered HEV types such as some coxsackieviruses due to the lack of specific antisera [21] . Molecular techniques such as RT-PCR in conjunction with sequence alignment-based phylogeny reconstruction algorithms offer a sensitive and rapid alternative for the classification of HEVs. Based on a specific gene shared by the HEV genomes, this approach divides HEVs into four types: HEV-A through D [22] . However, this approach is not stable when tested using a different set of HEV genes, giving rise to a classification result (VP1 [23, 24, 25] , VP2 [26] , VP3 [27] , VP4 [28] ), inconsistent with the first classification result. Phylogeny reconstruction based on the whole HEV genomes will not work easily since these genomes are not well conserved in multiple aspects including the gene orders and different levels of conservation for different sets of orthologous genes. And many genetic fragment, emerging with metagenome sequencing technique development, can not be classified using this sequence alignment method.",
            "cite_spans": [
                {
                    "start": 173,
                    "end": 177,
                    "text": "[17]",
                    "ref_id": "BIBREF16"
                },
                {
                    "start": 323,
                    "end": 327,
                    "text": "[18,",
                    "ref_id": "BIBREF17"
                },
                {
                    "start": 328,
                    "end": 331,
                    "text": "19,",
                    "ref_id": "BIBREF18"
                },
                {
                    "start": 332,
                    "end": 335,
                    "text": "20]",
                    "ref_id": "BIBREF19"
                },
                {
                    "start": 513,
                    "end": 517,
                    "text": "[21]",
                    "ref_id": "BIBREF20"
                },
                {
                    "start": 821,
                    "end": 825,
                    "text": "[22]",
                    "ref_id": "BIBREF21"
                },
                {
                    "start": 957,
                    "end": 961,
                    "text": "[23,",
                    "ref_id": "BIBREF22"
                },
                {
                    "start": 962,
                    "end": 965,
                    "text": "24,",
                    "ref_id": "BIBREF23"
                },
                {
                    "start": 966,
                    "end": 969,
                    "text": "25]",
                    "ref_id": "BIBREF25"
                },
                {
                    "start": 976,
                    "end": 980,
                    "text": "[26]",
                    "ref_id": "BIBREF26"
                },
                {
                    "start": 987,
                    "end": 991,
                    "text": "[27]",
                    "ref_id": "BIBREF27"
                },
                {
                    "start": 998,
                    "end": 1002,
                    "text": "[28]",
                    "ref_id": "BIBREF28"
                }
            ],
            "ref_spans": [],
            "section": "Introduction"
        },
        {
            "text": "We present a novel classification method based on information derived from the whole genome sequences of HEVs instead of specific genes. To the best of our knowledge, there has not been any published research on virus typing using information derived from the whole genome sequences. Instead of appending all the gene sequences from the HEVs and then building a phylogeny based on such artificial sequences, which could be highly sensitive to weighting factors for different genes, we use information more intrinsic to individual HEV genomes to construct the phylogeny. Specifically we have used a barcode representation to represent each HEV genome [29] . We have previously demonstrated that each organism has a unique barcode image; and more closely related genomes generally have more similar barcodes [29] . This provides the basis for our barcode-based phylogeny analysis.",
            "cite_spans": [
                {
                    "start": 650,
                    "end": 654,
                    "text": "[29]",
                    "ref_id": "BIBREF29"
                },
                {
                    "start": 806,
                    "end": 810,
                    "text": "[29]",
                    "ref_id": "BIBREF29"
                }
            ],
            "ref_spans": [],
            "section": "Introduction"
        },
        {
            "text": "The basic idea of the genomic barcode is to represent a genome using a two-dimensional array with the row representing the genome axis contracted by N fold, the column representing the axis of all k-mers for a fixed k (1,k,7), arranged in alphabetical order, and the value at row i and column j is the frequency of the i th k-mer within the window from base-pair j*N + 1 to base-pair (j+1)*N, with N being the window size (the default values of the barcode program [29] are k = 4 and N = 1,000 base-pairs (bps) but can be adjusted by the user). One very interesting property of any genomic barcode is that the frequency distribution for any k-mer (for a fixed 1,k,7) is highly stable across the whole genome. Hence if the frequencies are mapped to gray levels with higher frequencies mapped to lighter gray levels, each column of the barcode representation gives rise to a line generally having a consistent gray level. Barcodes not only provide a good tool for visualizing genomes, but also allow easy comparisons between different genomes. One simple way to compare two genome barcodes is through compare their average frequencies over the whole genomes across the whole list of k-mer although more sophisticated ways can be used to capture more information of the targeted barcodes [29] .",
            "cite_spans": [
                {
                    "start": 465,
                    "end": 469,
                    "text": "[29]",
                    "ref_id": "BIBREF29"
                },
                {
                    "start": 1285,
                    "end": 1289,
                    "text": "[29]",
                    "ref_id": "BIBREF29"
                }
            ],
            "ref_spans": [],
            "section": "Introduction"
        },
        {
            "text": "We have calculated the barcodes for a total of 838 human ssRNA virus genomes of four families, namely HIV (279), Rabies virus (63), SARS coronavirus (101) and HEVs (395) using the barcode server at http://csbl1.bmb.uga.edu/Barcode/. We also calculated a barcode for dsDNA virus genome, Hepatitis B virus (993) as comparison. Figure 1 shows the barcodes of one representative genome for each of the five virus families, where different heights for different barcodes reflect sizes of the joint sequence of the same kind of virus. We can see from the barcode images that different viruses have different barcode images. Furthermore, it should be noted that regardless whether a virus is DNA (Hepatitis B virus) or RNA virus (HIV, Rabies virus, SARS coronavirus, HEVs) its genome has this barcode property.",
            "cite_spans": [],
            "ref_spans": [
                {
                    "start": 325,
                    "end": 333,
                    "text": "Figure 1",
                    "ref_id": "FIGREF0"
                }
            ],
            "section": "Genomic barcodes of human viruses"
        },
        {
            "text": "It's worth noting that, if we change the parameter N and k, the frequency of different k-mers were consistent.",
            "cite_spans": [],
            "ref_spans": [],
            "section": "Genomic barcodes of human viruses"
        },
        {
            "text": "We have studied the barcode similarities among the 838 virus genomes from four families measured in terms of two specific distances, for k = 4 (see Figure 2 for definition and results). Figure 2A shows the scattering plot of all the 838 viruses in the two-dimensional space defined by the two distance measures. From the figure, we can see that the four families of viruses can be well separated (through non-linear functions) in this two dimensional space. In addition, we can also see the enterovirus have a relatively large variation measured by the current two features, compared to other families of viruses. The mechanism of HEVs having very great genetic diversity was not very clear yet. Some reports show that Polioviruses had greater genetic diversity duo to the frequent recombination [30] . Maybe these mechanism works in all HEVs.",
            "cite_spans": [
                {
                    "start": 796,
                    "end": 800,
                    "text": "[30]",
                    "ref_id": "BIBREF30"
                }
            ],
            "ref_spans": [
                {
                    "start": 148,
                    "end": 156,
                    "text": "Figure 2",
                    "ref_id": "FIGREF1"
                },
                {
                    "start": 186,
                    "end": 195,
                    "text": "Figure 2A",
                    "ref_id": "FIGREF1"
                }
            ],
            "section": "Typing of HEVs"
        },
        {
            "text": "We subsequently applied a similar method to all the HEVs. Figure 2B shows the scattering plot of the four different types of HEVs, which are color-coded based on the classification results by a phylogenic analysis using a specific gene of the HEVs. Although there was a small overlap between echovirus and coxakievirus, most of the HEV stains can be correctly clustered with clear boundaries, which shows the typing accuracy of this barcode approach on HEVs",
            "cite_spans": [],
            "ref_spans": [
                {
                    "start": 58,
                    "end": 67,
                    "text": "Figure 2B",
                    "ref_id": "FIGREF1"
                }
            ],
            "section": "Typing of HEVs"
        },
        {
            "text": "Comparing HEV typing results based on barcodes versus specific genes",
            "cite_spans": [],
            "ref_spans": [],
            "section": "Typing of HEVs"
        },
        {
            "text": "In order to analyze the accuracy of HEV typing results based on barcodes, we generate two phylogenetic trees for HEV. Figure 3A shows the phylogenetic tree we constructed based on the VP1 gene of HEVs using the MEGA Clustal-W alignment and neighbor joining clustering method [31] , which groups the HEVs into four clads, named HEV-A through D. We also did a reconstruction of a phylogeny based on the barcodes of all the HEV genomes, as shown in Figure 3B , which also gives rise to four large clads, named HEV1 through 4. Clearly the two trees are largely in agreement except for some CV-A strains, giving rise to a consistency level at 93.4%. The details of the differences are given in Table 1 . The difference between the two classification results is whether HEVs of serotype CVA1, 11, 13, 15, 18, 19, 20, 21, 22 or 24 should be grouped together with EV68, 70 and 94 or PV1, 2 and 3. The reason causing these differences between these two methods is that we can obtain some more information from a whole genome view. We have carried out extensive literature to find any previous reports that may suggest our classification method is reliable to have biological meaning. For instance, EV70 and CVA24 can both cause a highly contagious eye disease, acute hemorrhagic conjunctivitis [32, 33, 34] . The details of the differences are given in Table 1 . The difference between the two classification results is whether HEVs of serotype CVA1, 11, 13, 15, 18, 19, 20, 21, 22 or 24 should be grouped together with EV68, 70 and 94 or PV1, 2 and 3. The reason causing these differences between these two methods is that we can obtain some more information from a whole genome view. We have carried out extensive literature to find any previous reports that may suggest our classification method is reliable to have biological meaning. For instance, EV70 and CVA24 can both cause a highly contagious eye disease, acute hemorrhagic conjunctivitis [32, 33, 34] . In a word, with the next generation high-throughput sequencing technique developing (Solexa, SOLiD, et al.), sequencing a bacterial and virus genome is not challenging work. In the future, how to take advantage of this available whole genomic sequence information will give us new vision to identify viruses. Otherwise, we could find more and more metagenomic sequences have been generated so far, most of them are fragments without any VP1 gene sequences, our barcode-based method has the metagenome binning property, which can be found in our previous paper [29] . We hope this genome featured method could be wildly used as more and more whole genomic sequences have been generated.",
            "cite_spans": [
                {
                    "start": 275,
                    "end": 279,
                    "text": "[31]",
                    "ref_id": "BIBREF31"
                },
                {
                    "start": 787,
                    "end": 790,
                    "text": "11,",
                    "ref_id": "BIBREF10"
                },
                {
                    "start": 791,
                    "end": 794,
                    "text": "13,",
                    "ref_id": "BIBREF12"
                },
                {
                    "start": 795,
                    "end": 798,
                    "text": "15,",
                    "ref_id": "BIBREF14"
                },
                {
                    "start": 799,
                    "end": 802,
                    "text": "18,",
                    "ref_id": "BIBREF17"
                },
                {
                    "start": 803,
                    "end": 806,
                    "text": "19,",
                    "ref_id": "BIBREF18"
                },
                {
                    "start": 807,
                    "end": 810,
                    "text": "20,",
                    "ref_id": "BIBREF19"
                },
                {
                    "start": 811,
                    "end": 814,
                    "text": "21,",
                    "ref_id": "BIBREF20"
                },
                {
                    "start": 815,
                    "end": 817,
                    "text": "22",
                    "ref_id": "BIBREF21"
                },
                {
                    "start": 1285,
                    "end": 1289,
                    "text": "[32,",
                    "ref_id": "BIBREF32"
                },
                {
                    "start": 1290,
                    "end": 1293,
                    "text": "33,",
                    "ref_id": "BIBREF33"
                },
                {
                    "start": 1294,
                    "end": 1297,
                    "text": "34]",
                    "ref_id": "BIBREF34"
                },
                {
                    "start": 1442,
                    "end": 1445,
                    "text": "11,",
                    "ref_id": "BIBREF10"
                },
                {
                    "start": 1446,
                    "end": 1449,
                    "text": "13,",
                    "ref_id": "BIBREF12"
                },
                {
                    "start": 1450,
                    "end": 1453,
                    "text": "15,",
                    "ref_id": "BIBREF14"
                },
                {
                    "start": 1454,
                    "end": 1457,
                    "text": "18,",
                    "ref_id": "BIBREF17"
                },
                {
                    "start": 1458,
                    "end": 1461,
                    "text": "19,",
                    "ref_id": "BIBREF18"
                },
                {
                    "start": 1462,
                    "end": 1465,
                    "text": "20,",
                    "ref_id": "BIBREF19"
                },
                {
                    "start": 1466,
                    "end": 1469,
                    "text": "21,",
                    "ref_id": "BIBREF20"
                },
                {
                    "start": 1470,
                    "end": 1472,
                    "text": "22",
                    "ref_id": "BIBREF21"
                },
                {
                    "start": 1940,
                    "end": 1944,
                    "text": "[32,",
                    "ref_id": "BIBREF32"
                },
                {
                    "start": 1945,
                    "end": 1948,
                    "text": "33,",
                    "ref_id": "BIBREF33"
                },
                {
                    "start": 1949,
                    "end": 1952,
                    "text": "34]",
                    "ref_id": "BIBREF34"
                },
                {
                    "start": 2515,
                    "end": 2519,
                    "text": "[29]",
                    "ref_id": "BIBREF29"
                }
            ],
            "ref_spans": [
                {
                    "start": 118,
                    "end": 127,
                    "text": "Figure 3A",
                    "ref_id": "FIGREF2"
                },
                {
                    "start": 446,
                    "end": 455,
                    "text": "Figure 3B",
                    "ref_id": "FIGREF2"
                },
                {
                    "start": 689,
                    "end": 696,
                    "text": "Table 1",
                    "ref_id": null
                },
                {
                    "start": 1344,
                    "end": 1351,
                    "text": "Table 1",
                    "ref_id": null
                }
            ],
            "section": "Typing of HEVs"
        },
        {
            "text": "Due to various factors such as the high diversity and the plasticity of the RNA genomes, accurate typing of HEVs remains a challenging task. The purpose of this work is to provide a new genome typing method,which allows utilizing information derived from whole genome sequences instead of specific genes. Since this method does not rely on detailed sequence information, it avoids the issue in finding the ''correct'' set of orthologous genes for phylogenetic analysis, which is particularly useful for virus genomes as they generally do not have signature genes like 16S rRNA gene for genomes of living organisms, making such wholegenome based phylogeny analysis particularly useful for viruses.",
            "cite_spans": [],
            "ref_spans": [],
            "section": "Concluding remark"
        },
        {
            "text": "Through our study, we demonstrated that this new method is at least as good as the widely used specific gene-based phylogeny reconstruction even when using more sophisticated phylogeny reconstruction algorithms.",
            "cite_spans": [],
            "ref_spans": [],
            "section": "Concluding remark"
        },
        {
            "text": "Five classes of viruses' complete genomes, HIV, human enterovirus, Rabies virus, SARS coronavirus and Hepatitis B virus are retrieved from (http://www.ncbi.nlm.nih.gov/nucleotide/) using Bioperl. The information of these five classes of viruses is given in Table 2 .",
            "cite_spans": [],
            "ref_spans": [
                {
                    "start": 257,
                    "end": 264,
                    "text": "Table 2",
                    "ref_id": "TABREF0"
                }
            ],
            "section": "Virus sequence data"
        },
        {
            "text": "We calculated the barcode using the genomic barcode server at http://csbl1.bmb.uga.edu/Barcode/nsertion.php. For each kind of virus, we firstly made the same kind viruses genomes head to tail into a long sequence, then partitioned it into non-overlapping fragments of M = 2,000bps long and calculated 4-mer based barcode for each genome. Specifically, the barcode for each genome is a matrix of K = 136 columns and genome_length/M rows, with the i th value being the combined frequency of the i th 4mer and its reverse complement in this fragment. Actually, we obtained the HEVs' complementary strand by base pairing and calculated k-mer reverse complement frequency. We had proved that combines of a k-mer and its reverse complement are more reliable and accurate in classifying organisms in our previous work [29] . Then, we mapped the k-mer frequencies to grey levels so we can generate a barcode image for a whole genome (as well as for each segment of the genome), darker grey levels are for lower frequencies. The distance between two barcodes is calculated as the Euclidean distance between the corresponding 136dimensional vectors. For two such matrices M1 and M2 with K columns and L rows, we defined their barcode distance as ffiffiffiffiffiffiffiffiffiffiffiffiffiffiffiffiffiffiffiffiffiffiffiffiffiffiffiffiffiffiffiffiffiffiffiffiffiffiffiffiffiffiffiffiffiffiffiffiffiffiffiffiffi ffi",
            "cite_spans": [
                {
                    "start": 811,
                    "end": 815,
                    "text": "[29]",
                    "ref_id": "BIBREF29"
                }
            ],
            "ref_spans": [],
            "section": "Calculation of genomic barcode distance"
        },
        {
            "text": ". For details, we refer the reader to [29] .",
            "cite_spans": [
                {
                    "start": 38,
                    "end": 42,
                    "text": "[29]",
                    "ref_id": "BIBREF29"
                }
            ],
            "ref_spans": [],
            "section": "Calculation of genomic barcode distance"
        },
        {
            "text": "We calculated the barcode distance between two HEV genomes using the above barcode distance. Then we entered the pair-wise Table 1 . Comparison of one gene-based and whole genome barcode-based phylogenetic trees (the numbers inside parentheses are the number of virus types for the corresponding serotype).",
            "cite_spans": [],
            "ref_spans": [
                {
                    "start": 123,
                    "end": 130,
                    "text": "Table 1",
                    "ref_id": null
                }
            ],
            "section": "Phylogenetic trees building using barcode distance and Clustal W alignment"
        },
        {
            "text": "Typing results by two methods ",
            "cite_spans": [],
            "ref_spans": [],
            "section": "Num."
        }
    ],
    "bib_entries": {
        "BIBREF0": {
            "ref_id": "b0",
            "title": "Enteroviruses as agents of emerging infectious diseases",
            "authors": [
                {
                    "first": "G",
                    "middle": [],
                    "last": "Palacios",
                    "suffix": ""
                },
                {
                    "first": "M",
                    "middle": [
                        "S"
                    ],
                    "last": "Oberste",
                    "suffix": ""
                }
            ],
            "year": 2005,
            "venue": "J Neurovirol",
            "volume": "11",
            "issn": "",
            "pages": "424--433",
            "other_ids": {}
        },
        "BIBREF1": {
            "ref_id": "b1",
            "title": "Viral myocarditis and dilated cardiomyopathy: mechanisms, manifestations, and management",
            "authors": [
                {
                    "first": "M",
                    "middle": [
                        "T"
                    ],
                    "last": "Kearney",
                    "suffix": ""
                },
                {
                    "first": "J",
                    "middle": [
                        "M"
                    ],
                    "last": "Cotton",
                    "suffix": ""
                },
                {
                    "first": "P",
                    "middle": [
                        "J"
                    ],
                    "last": "Richardson",
                    "suffix": ""
                },
                {
                    "first": "A",
                    "middle": [
                        "M"
                    ],
                    "last": "Shah",
                    "suffix": ""
                }
            ],
            "year": 2001,
            "venue": "Postgrad Med J",
            "volume": "77",
            "issn": "",
            "pages": "4--10",
            "other_ids": {}
        },
        "BIBREF2": {
            "ref_id": "b2",
            "title": "The group B coxsackieviruses and myocarditis",
            "authors": [
                {
                    "first": "K",
                    "middle": [
                        "S"
                    ],
                    "last": "Kim",
                    "suffix": ""
                },
                {
                    "first": "G",
                    "middle": [],
                    "last": "Hufnagel",
                    "suffix": ""
                },
                {
                    "first": "N",
                    "middle": [
                        "M"
                    ],
                    "last": "Chapman",
                    "suffix": ""
                },
                {
                    "first": "S",
                    "middle": [],
                    "last": "Tracy",
                    "suffix": ""
                }
            ],
            "year": 2001,
            "venue": "Rev Med Virol",
            "volume": "11",
            "issn": "",
            "pages": "355--368",
            "other_ids": {}
        },
        "BIBREF3": {
            "ref_id": "b3",
            "title": "Pathogenesis of type 1 diabetes mellitus: interplay between enterovirus and host",
            "authors": [
                {
                    "first": "D",
                    "middle": [],
                    "last": "Hober",
                    "suffix": ""
                },
                {
                    "first": "P",
                    "middle": [],
                    "last": "Sauter",
                    "suffix": ""
                }
            ],
            "year": 2010,
            "venue": "Nat Rev Endocrinol",
            "volume": "6",
            "issn": "",
            "pages": "279--289",
            "other_ids": {}
        },
        "BIBREF4": {
            "ref_id": "b4",
            "title": "Coxsackievirus infection as an environmental factor in the etiology of type 1 diabetes",
            "authors": [
                {
                    "first": "M",
                    "middle": [
                        "J"
                    ],
                    "last": "Richer",
                    "suffix": ""
                },
                {
                    "first": "M",
                    "middle": [
                        "S"
                    ],
                    "last": "Horwitz",
                    "suffix": ""
                }
            ],
            "year": 2009,
            "venue": "Autoimmun Rev",
            "volume": "8",
            "issn": "",
            "pages": "611--615",
            "other_ids": {}
        },
        "BIBREF5": {
            "ref_id": "b5",
            "title": "An overview of the evolution of enterovirus 71 and its clinical and public health significance",
            "authors": [
                {
                    "first": "P",
                    "middle": [
                        "C"
                    ],
                    "last": "Mcminn",
                    "suffix": ""
                }
            ],
            "year": 2002,
            "venue": "FEMS Microbiol Rev",
            "volume": "26",
            "issn": "",
            "pages": "91--107",
            "other_ids": {}
        },
        "BIBREF6": {
            "ref_id": "b6",
            "title": "Molecular epidemiology of human enterovirus 71 strains and recent outbreaks in the Asia-Pacific region: comparative analysis of the VP1 and VP4 genes",
            "authors": [
                {
                    "first": "M",
                    "middle": [
                        "J"
                    ],
                    "last": "Cardosa",
                    "suffix": ""
                },
                {
                    "first": "D",
                    "middle": [],
                    "last": "Perera",
                    "suffix": ""
                },
                {
                    "first": "B",
                    "middle": [
                        "A"
                    ],
                    "last": "Brown",
                    "suffix": ""
                },
                {
                    "first": "D",
                    "middle": [],
                    "last": "Cheon",
                    "suffix": ""
                },
                {
                    "first": "H",
                    "middle": [
                        "M"
                    ],
                    "last": "Chan",
                    "suffix": ""
                }
            ],
            "year": 2003,
            "venue": "Emerg Infect Dis",
            "volume": "9",
            "issn": "",
            "pages": "461--468",
            "other_ids": {}
        },
        "BIBREF7": {
            "ref_id": "b7",
            "title": "Prevalence of enterovirus from patients with herpangina and hand, foot and mouth disease in Nagano Prefecture",
            "authors": [
                {
                    "first": "I",
                    "middle": [],
                    "last": "Miyazawa",
                    "suffix": ""
                },
                {
                    "first": "Y",
                    "middle": [],
                    "last": "Azegami",
                    "suffix": ""
                },
                {
                    "first": "S",
                    "middle": [],
                    "last": "Kasuo",
                    "suffix": ""
                },
                {
                    "first": "T",
                    "middle": [],
                    "last": "Yoshida",
                    "suffix": ""
                },
                {
                    "first": "M",
                    "middle": [],
                    "last": "Kobayashi",
                    "suffix": ""
                }
            ],
            "year": 2007,
            "venue": "Jpn J Infect Dis",
            "volume": "61",
            "issn": "",
            "pages": "247--248",
            "other_ids": {}
        },
        "BIBREF8": {
            "ref_id": "b8",
            "title": "An outbreak of hand, foot, and mouth disease associated with subgenotype C4 of human enterovirus 71 in Shandong",
            "authors": [
                {
                    "first": "Y",
                    "middle": [],
                    "last": "Zhang",
                    "suffix": ""
                },
                {
                    "first": "X",
                    "middle": [
                        "J"
                    ],
                    "last": "Tan",
                    "suffix": ""
                },
                {
                    "first": "H",
                    "middle": [
                        "Y"
                    ],
                    "last": "Wang",
                    "suffix": ""
                },
                {
                    "first": "D",
                    "middle": [
                        "M"
                    ],
                    "last": "Yan",
                    "suffix": ""
                },
                {
                    "first": "S",
                    "middle": [
                        "L"
                    ],
                    "last": "Zhu",
                    "suffix": ""
                }
            ],
            "year": 2009,
            "venue": "China. J Clin Virol",
            "volume": "44",
            "issn": "",
            "pages": "262--267",
            "other_ids": {}
        },
        "BIBREF9": {
            "ref_id": "b9",
            "title": "Molecular identification and characterization of two proposed new enterovirus serotypes, EV74 and EV75",
            "authors": [
                {
                    "first": "M",
                    "middle": [
                        "S"
                    ],
                    "last": "Oberste",
                    "suffix": ""
                },
                {
                    "first": "S",
                    "middle": [
                        "M"
                    ],
                    "last": "Michele",
                    "suffix": ""
                },
                {
                    "first": "K",
                    "middle": [],
                    "last": "Maher",
                    "suffix": ""
                },
                {
                    "first": "D",
                    "middle": [],
                    "last": "Schnurr",
                    "suffix": ""
                },
                {
                    "first": "D",
                    "middle": [],
                    "last": "Cisterna",
                    "suffix": ""
                }
            ],
            "year": 2004,
            "venue": "J Gen Virol",
            "volume": "85",
            "issn": "",
            "pages": "3205--3212",
            "other_ids": {}
        },
        "BIBREF10": {
            "ref_id": "b10",
            "title": "Enteroviruses 76, 89, 90 and 91 represent a novel group within the species Human enterovirus A",
            "authors": [
                {
                    "first": "M",
                    "middle": [
                        "S"
                    ],
                    "last": "Oberste",
                    "suffix": ""
                },
                {
                    "first": "K",
                    "middle": [],
                    "last": "Maher",
                    "suffix": ""
                },
                {
                    "first": "S",
                    "middle": [
                        "M"
                    ],
                    "last": "Michele",
                    "suffix": ""
                },
                {
                    "first": "G",
                    "middle": [],
                    "last": "Belliot",
                    "suffix": ""
                },
                {
                    "first": "M",
                    "middle": [],
                    "last": "Uddin",
                    "suffix": ""
                }
            ],
            "year": 2005,
            "venue": "J Gen Virol",
            "volume": "86",
            "issn": "",
            "pages": "445--451",
            "other_ids": {}
        },
        "BIBREF11": {
            "ref_id": "b11",
            "title": "Sequencing of 'untypable' enteroviruses reveals two new types, EV-77 and EV-78, within human enterovirus type B and substitutions in the BC loop of the VP1 protein for known types",
            "authors": [
                {
                    "first": "H",
                    "middle": [],
                    "last": "Norder",
                    "suffix": ""
                },
                {
                    "first": "L",
                    "middle": [],
                    "last": "Bjerregaard",
                    "suffix": ""
                },
                {
                    "first": "L",
                    "middle": [],
                    "last": "Magnius",
                    "suffix": ""
                },
                {
                    "first": "B",
                    "middle": [],
                    "last": "Lina",
                    "suffix": ""
                },
                {
                    "first": "M",
                    "middle": [],
                    "last": "Aymard",
                    "suffix": ""
                }
            ],
            "year": 2003,
            "venue": "J Gen Virol",
            "volume": "84",
            "issn": "",
            "pages": "827--836",
            "other_ids": {}
        },
        "BIBREF12": {
            "ref_id": "b12",
            "title": "Virus taxonomy classification and nomenclature of viruses",
            "authors": [
                {
                    "first": "C",
                    "middle": [
                        "M"
                    ],
                    "last": "Fauquet",
                    "suffix": ""
                },
                {
                    "first": "M",
                    "middle": [
                        "A"
                    ],
                    "last": "Mayo",
                    "suffix": ""
                },
                {
                    "first": "J",
                    "middle": [],
                    "last": "Maniloff",
                    "suffix": ""
                },
                {
                    "first": "U",
                    "middle": [],
                    "last": "Desselberger",
                    "suffix": ""
                },
                {
                    "first": "L",
                    "middle": [
                        "A"
                    ],
                    "last": "Ball",
                    "suffix": ""
                }
            ],
            "year": 2005,
            "venue": "International Committee on Taxonomy of Viruses IUoMS, Virology Division., editor. eighth report of the International Committee on the Taxonomy of Viruses",
            "volume": "",
            "issn": "",
            "pages": "",
            "other_ids": {}
        },
        "BIBREF13": {
            "ref_id": "b13",
            "title": "Retrospective seroepidemiology indicated that human enterovirus 71 and coxsackievirus A16 circulated wildly in central and southern China before large-scale outbreaks from",
            "authors": [
                {
                    "first": "Z",
                    "middle": [],
                    "last": "Zhu",
                    "suffix": ""
                },
                {
                    "first": "S",
                    "middle": [],
                    "last": "Zhu",
                    "suffix": ""
                },
                {
                    "first": "X",
                    "middle": [],
                    "last": "Guo",
                    "suffix": ""
                },
                {
                    "first": "J",
                    "middle": [],
                    "last": "Wang",
                    "suffix": ""
                },
                {
                    "first": "D",
                    "middle": [],
                    "last": "Wang",
                    "suffix": ""
                }
            ],
            "year": 2008,
            "venue": "Virol J",
            "volume": "7",
            "issn": "",
            "pages": "",
            "other_ids": {}
        },
        "BIBREF14": {
            "ref_id": "b14",
            "title": "The global introduction of inactivated polio vaccine can circumvent the oral polio vaccine paradox",
            "authors": [
                {
                    "first": "E",
                    "middle": [],
                    "last": "Heinsbroek",
                    "suffix": ""
                },
                {
                    "first": "E",
                    "middle": [
                        "J"
                    ],
                    "last": "Ruitenberg",
                    "suffix": ""
                }
            ],
            "year": 2010,
            "venue": "Vaccine",
            "volume": "28",
            "issn": "",
            "pages": "3778--3783",
            "other_ids": {}
        },
        "BIBREF15": {
            "ref_id": "b15",
            "title": "Enterovirus surveillance-United States",
            "authors": [
                {
                    "first": "N",
                    "middle": [],
                    "last": "Khetsuriani",
                    "suffix": ""
                },
                {
                    "first": "A",
                    "middle": [],
                    "last": "Lamonte-Fowlkes",
                    "suffix": ""
                },
                {
                    "first": "S",
                    "middle": [],
                    "last": "Oberst",
                    "suffix": ""
                },
                {
                    "first": "M",
                    "middle": [
                        "A"
                    ],
                    "last": "Pallansch",
                    "suffix": ""
                }
            ],
            "year": 1970,
            "venue": "MMWR Surveill Summ",
            "volume": "55",
            "issn": "",
            "pages": "1--20",
            "other_ids": {}
        },
        "BIBREF16": {
            "ref_id": "b16",
            "title": "Enteroviruses and reoviruses",
            "authors": [
                {
                    "first": "M",
                    "middle": [],
                    "last": "Grandien",
                    "suffix": ""
                },
                {
                    "first": "M",
                    "middle": [],
                    "last": "Forsgren",
                    "suffix": ""
                },
                {
                    "first": "A",
                    "middle": [],
                    "last": "Ehrnst",
                    "suffix": ""
                }
            ],
            "year": 1989,
            "venue": "Diagnosticprocedures for viral, rickettsial and chlamydial infections",
            "volume": "",
            "issn": "",
            "pages": "513--569",
            "other_ids": {}
        },
        "BIBREF17": {
            "ref_id": "b17",
            "title": "Virus taxonomy classification and nomenclature of viruses 8th report of the International Committee on the Taxonomy of Viruses",
            "authors": [
                {
                    "first": "G",
                    "middle": [],
                    "last": "Stanway",
                    "suffix": ""
                },
                {
                    "first": "F",
                    "middle": [],
                    "last": "Brown",
                    "suffix": ""
                },
                {
                    "first": "P",
                    "middle": [],
                    "last": "Christian",
                    "suffix": ""
                }
            ],
            "year": 2005,
            "venue": "",
            "volume": "",
            "issn": "",
            "pages": "757--778",
            "other_ids": {}
        },
        "BIBREF18": {
            "ref_id": "b18",
            "title": "Basic rationale, current methods and future directions for molecular typing of human enterovirus",
            "authors": [
                {
                    "first": "D",
                    "middle": [],
                    "last": "Nasri",
                    "suffix": ""
                },
                {
                    "first": "L",
                    "middle": [],
                    "last": "Bouslama",
                    "suffix": ""
                },
                {
                    "first": "S",
                    "middle": [],
                    "last": "Pillet",
                    "suffix": ""
                },
                {
                    "first": "T",
                    "middle": [],
                    "last": "Bourlet",
                    "suffix": ""
                },
                {
                    "first": "M",
                    "middle": [],
                    "last": "Aouni",
                    "suffix": ""
                }
            ],
            "year": 2007,
            "venue": "Expert Rev Mol Diagn",
            "volume": "7",
            "issn": "",
            "pages": "419--434",
            "other_ids": {}
        },
        "BIBREF19": {
            "ref_id": "b19",
            "title": "Complete genomic sequencing shows that polioviruses and members of human enterovirus species C are closely related in the noncapsid coding region",
            "authors": [
                {
                    "first": "B",
                    "middle": [],
                    "last": "Brown",
                    "suffix": ""
                },
                {
                    "first": "M",
                    "middle": [
                        "S"
                    ],
                    "last": "Oberste",
                    "suffix": ""
                },
                {
                    "first": "K",
                    "middle": [],
                    "last": "Maher",
                    "suffix": ""
                },
                {
                    "first": "M",
                    "middle": [
                        "A"
                    ],
                    "last": "Pallansch",
                    "suffix": ""
                }
            ],
            "year": 2003,
            "venue": "J Virol",
            "volume": "77",
            "issn": "",
            "pages": "8973--8984",
            "other_ids": {}
        },
        "BIBREF20": {
            "ref_id": "b20",
            "title": "Picornaviridae: the enteroviruses (polioviruses, coxsackieviruses,echoviruses)",
            "authors": [
                {
                    "first": "J",
                    "middle": [
                        "G"
                    ],
                    "last": "Kapsenberg",
                    "suffix": ""
                }
            ],
            "year": 1988,
            "venue": "Laboratory diagnosis ofinfectious diseases Principles and Practice",
            "volume": "",
            "issn": "",
            "pages": "692--722",
            "other_ids": {}
        },
        "BIBREF21": {
            "ref_id": "b21",
            "title": "Enteroviruses: polioviruses, coxsackieviruses, echoviruses, and newer enteroviruses",
            "authors": [
                {
                    "first": "M",
                    "middle": [],
                    "last": "Pallansch",
                    "suffix": ""
                },
                {
                    "first": "R ;",
                    "middle": [],
                    "last": "Roos",
                    "suffix": ""
                },
                {
                    "first": "Pmh",
                    "middle": [],
                    "last": "Knipe",
                    "suffix": ""
                },
                {
                    "first": "",
                    "middle": [],
                    "last": "Dm",
                    "suffix": ""
                },
                {
                    "first": "D",
                    "middle": [
                        "E"
                    ],
                    "last": "Griffin",
                    "suffix": ""
                },
                {
                    "first": "R",
                    "middle": [
                        "A"
                    ],
                    "last": "Lamb",
                    "suffix": ""
                },
                {
                    "first": "M",
                    "middle": [
                        "A"
                    ],
                    "last": "Martin",
                    "suffix": ""
                }
            ],
            "year": 2007,
            "venue": "Fields virology",
            "volume": "",
            "issn": "",
            "pages": "839--894",
            "other_ids": {}
        },
        "BIBREF22": {
            "ref_id": "b22",
            "title": "Molecular phylogeny of VP1, 2A, and 2B genes of echovirus isolates: epidemiological linkage and observations on genetic variation",
            "authors": [
                {
                    "first": "C",
                    "middle": [],
                    "last": "Kottaridi",
                    "suffix": ""
                },
                {
                    "first": "E",
                    "middle": [],
                    "last": "Bolanaki",
                    "suffix": ""
                },
                {
                    "first": "Z",
                    "middle": [],
                    "last": "Mamuris",
                    "suffix": ""
                },
                {
                    "first": "C",
                    "middle": [],
                    "last": "Stathopoulos",
                    "suffix": ""
                },
                {
                    "first": "P",
                    "middle": [],
                    "last": "Markoulatos",
                    "suffix": ""
                }
            ],
            "year": 2006,
            "venue": "Arch Virol",
            "volume": "151",
            "issn": "",
            "pages": "1117--1132",
            "other_ids": {}
        },
        "BIBREF23": {
            "ref_id": "b23",
            "title": "Comparative evaluation of Taqman real-time PCR and semi-nested VP1",
            "authors": [
                {
                    "first": "M",
                    "middle": [
                        "S"
                    ],
                    "last": "Oberste",
                    "suffix": ""
                },
                {
                    "first": "S",
                    "middle": [],
                    "last": "Penaranda",
                    "suffix": ""
                },
                {
                    "first": "S",
                    "middle": [
                        "L"
                    ],
                    "last": "Rogers",
                    "suffix": ""
                },
                {
                    "first": "E",
                    "middle": [],
                    "last": "Henderson",
                    "suffix": ""
                },
                {
                    "first": "W",
                    "middle": [
                        "A"
                    ],
                    "last": "Nix",
                    "suffix": ""
                }
            ],
            "year": 2010,
            "venue": "",
            "volume": "",
            "issn": "",
            "pages": "",
            "other_ids": {}
        },
        "BIBREF24": {
            "ref_id": "b24",
            "title": "PCR for detection of enteroviruses in clinical specimens",
            "authors": [],
            "year": null,
            "venue": "J Clin Virol",
            "volume": "49",
            "issn": "",
            "pages": "73--74",
            "other_ids": {}
        },
        "BIBREF25": {
            "ref_id": "b25",
            "title": "Molecular evolution of the human enteroviruses: correlation of serotype with VP1 sequence and application to picornavirus classification",
            "authors": [
                {
                    "first": "M",
                    "middle": [
                        "S"
                    ],
                    "last": "Oberste",
                    "suffix": ""
                },
                {
                    "first": "K",
                    "middle": [],
                    "last": "Maher",
                    "suffix": ""
                },
                {
                    "first": "D",
                    "middle": [
                        "R"
                    ],
                    "last": "Kilpatrick",
                    "suffix": ""
                },
                {
                    "first": "M",
                    "middle": [
                        "A"
                    ],
                    "last": "Pallansch",
                    "suffix": ""
                }
            ],
            "year": 1999,
            "venue": "J Virol",
            "volume": "73",
            "issn": "",
            "pages": "1941--1948",
            "other_ids": {}
        },
        "BIBREF26": {
            "ref_id": "b26",
            "title": "Typing of human enterovirus by partial sequencing of VP2",
            "authors": [
                {
                    "first": "D",
                    "middle": [],
                    "last": "Nasri",
                    "suffix": ""
                },
                {
                    "first": "L",
                    "middle": [],
                    "last": "Bouslama",
                    "suffix": ""
                },
                {
                    "first": "S",
                    "middle": [],
                    "last": "Omar",
                    "suffix": ""
                },
                {
                    "first": "H",
                    "middle": [],
                    "last": "Saoudin",
                    "suffix": ""
                },
                {
                    "first": "T",
                    "middle": [],
                    "last": "Bourlet",
                    "suffix": ""
                }
            ],
            "year": 2007,
            "venue": "J Clin Microbiol",
            "volume": "45",
            "issn": "",
            "pages": "2370--2379",
            "other_ids": {}
        },
        "BIBREF27": {
            "ref_id": "b27",
            "title": "Attenuating mutations in coxsackievirus B3 map to a conformational epitope that comprises the puff region of VP2 and the knob of VP3",
            "authors": [
                {
                    "first": "E",
                    "middle": [],
                    "last": "Stadnick",
                    "suffix": ""
                },
                {
                    "first": "M",
                    "middle": [],
                    "last": "Dan",
                    "suffix": ""
                },
                {
                    "first": "A",
                    "middle": [],
                    "last": "Sadeghi",
                    "suffix": ""
                },
                {
                    "first": "J",
                    "middle": [
                        "K"
                    ],
                    "last": "Chantler",
                    "suffix": ""
                }
            ],
            "year": 2004,
            "venue": "J Virol",
            "volume": "78",
            "issn": "",
            "pages": "13987--14002",
            "other_ids": {}
        },
        "BIBREF28": {
            "ref_id": "b28",
            "title": "Molecular diagnosis of human enteroviruses by phylogeny-based classification by use of the VP4 sequence",
            "authors": [
                {
                    "first": "H",
                    "middle": [],
                    "last": "Ishiko",
                    "suffix": ""
                },
                {
                    "first": "Y",
                    "middle": [],
                    "last": "Shimada",
                    "suffix": ""
                },
                {
                    "first": "M",
                    "middle": [],
                    "last": "Yonaha",
                    "suffix": ""
                },
                {
                    "first": "O",
                    "middle": [],
                    "last": "Hashimoto",
                    "suffix": ""
                },
                {
                    "first": "A",
                    "middle": [],
                    "last": "Hayashi",
                    "suffix": ""
                }
            ],
            "year": 2002,
            "venue": "J Infect Dis",
            "volume": "185",
            "issn": "",
            "pages": "744--754",
            "other_ids": {}
        },
        "BIBREF29": {
            "ref_id": "b29",
            "title": "Barcodes for genomes and applications",
            "authors": [
                {
                    "first": "F",
                    "middle": [],
                    "last": "Zhou",
                    "suffix": ""
                },
                {
                    "first": "V",
                    "middle": [],
                    "last": "Olman",
                    "suffix": ""
                },
                {
                    "first": "Y",
                    "middle": [],
                    "last": "Xu",
                    "suffix": ""
                }
            ],
            "year": 2008,
            "venue": "BMC Bioinformatics",
            "volume": "9",
            "issn": "",
            "pages": "",
            "other_ids": {}
        },
        "BIBREF30": {
            "ref_id": "b30",
            "title": "Mechanisms of genetic variation in polioviruses",
            "authors": [
                {
                    "first": "C",
                    "middle": [],
                    "last": "Savolainen-Kopra",
                    "suffix": ""
                },
                {
                    "first": "S",
                    "middle": [],
                    "last": "Blomqvist",
                    "suffix": ""
                }
            ],
            "year": 2010,
            "venue": "Rev Med Virol",
            "volume": "20",
            "issn": "",
            "pages": "358--371",
            "other_ids": {}
        },
        "BIBREF31": {
            "ref_id": "b31",
            "title": "MEGA: a biologist-centric software for evolutionary analysis of DNA and protein sequences",
            "authors": [
                {
                    "first": "S",
                    "middle": [],
                    "last": "Kumar",
                    "suffix": ""
                },
                {
                    "first": "M",
                    "middle": [],
                    "last": "Nei",
                    "suffix": ""
                },
                {
                    "first": "J",
                    "middle": [],
                    "last": "Dudley",
                    "suffix": ""
                },
                {
                    "first": "K",
                    "middle": [],
                    "last": "Tamura",
                    "suffix": ""
                }
            ],
            "year": 2008,
            "venue": "Brief Bioinform",
            "volume": "9",
            "issn": "",
            "pages": "299--306",
            "other_ids": {}
        },
        "BIBREF32": {
            "ref_id": "b32",
            "title": "An antiviral smallinterfering RNA simultaneously effective against the most prevalent enteroviruses causing acute hemorrhagic conjunctivitis",
            "authors": [
                {
                    "first": "E",
                    "middle": [
                        "J"
                    ],
                    "last": "Jun",
                    "suffix": ""
                },
                {
                    "first": "M",
                    "middle": [
                        "A"
                    ],
                    "last": "Won",
                    "suffix": ""
                },
                {
                    "first": "J",
                    "middle": [],
                    "last": "Ahn",
                    "suffix": ""
                },
                {
                    "first": "A",
                    "middle": [],
                    "last": "Ko",
                    "suffix": ""
                },
                {
                    "first": "H",
                    "middle": [],
                    "last": "Moon",
                    "suffix": ""
                }
            ],
            "year": 2010,
            "venue": "Invest Ophthalmol Vis Sci",
            "volume": "52",
            "issn": "",
            "pages": "58--63",
            "other_ids": {}
        },
        "BIBREF33": {
            "ref_id": "b33",
            "title": "Simultaneous detection of enterovirus 70 and coxsackievirus A24 variant by multiplex real-time RT-PCR using an internal control",
            "authors": [
                {
                    "first": "X",
                    "middle": [
                        "L"
                    ],
                    "last": "Xiao",
                    "suffix": ""
                },
                {
                    "first": "H",
                    "middle": [],
                    "last": "Wu",
                    "suffix": ""
                },
                {
                    "first": "Y",
                    "middle": [
                        "J"
                    ],
                    "last": "Li",
                    "suffix": ""
                },
                {
                    "first": "H",
                    "middle": [
                        "F"
                    ],
                    "last": "Li",
                    "suffix": ""
                },
                {
                    "first": "Y",
                    "middle": [
                        "Q"
                    ],
                    "last": "He",
                    "suffix": ""
                }
            ],
            "year": 2009,
            "venue": "J Virol Methods",
            "volume": "159",
            "issn": "",
            "pages": "23--28",
            "other_ids": {}
        },
        "BIBREF34": {
            "ref_id": "b34",
            "title": "The change of etiological agents and clinical signs of epidemic viral conjunctivitis over an 18-year period in southern Taiwan",
            "authors": [
                {
                    "first": "C",
                    "middle": [
                        "H"
                    ],
                    "last": "Chang",
                    "suffix": ""
                },
                {
                    "first": "K",
                    "middle": [
                        "H"
                    ],
                    "last": "Lin",
                    "suffix": ""
                },
                {
                    "first": "M",
                    "middle": [
                        "M"
                    ],
                    "last": "Sheu",
                    "suffix": ""
                },
                {
                    "first": "W",
                    "middle": [
                        "L"
                    ],
                    "last": "Huang",
                    "suffix": ""
                },
                {
                    "first": "H",
                    "middle": [
                        "Z"
                    ],
                    "last": "Wang",
                    "suffix": ""
                }
            ],
            "year": 2003,
            "venue": "Graefes Arch Clin Exp Ophthalmol",
            "volume": "241",
            "issn": "",
            "pages": "554--560",
            "other_ids": {}
        }
    },
    "ref_entries": {
        "FIGREF0": {
            "text": "Barcodes of five representative human viruses: (a) HIV, (b) Enterovirus, (c) Rabies virus, (d) SARS Coronavirus, and (e) Hepatitis B virus. For each barcode, the x-axis is the list of all unique combinations of 4-mers arranged in the alphabetical order, the y-axis is same kind of virus joint genome axis contracted by 2,000 fold, and the gray level shows the frequency of each k-mer within a 2,000 bp window in the corresponding location. doi:10.1371/journal.pone.0026296.g001",
            "latex": null,
            "type": "figure"
        },
        "FIGREF1": {
            "text": "Identification and typing of HEVs. The x-axis for each plot is the distance between the feature vector of each virus' barcode and the average feature vector of all the viruses we used (in A we used the average feature vector of four kinds of virus: HIV, HEV, SARS and rabies virus; in B we used the average feature vector of all subtypes of HEV), and the y-axis is the distance between the feature vector of each virus' barcode and a normalization vector with value = 1/136 for each of its dimensions, where 136 is the total of number of unique k-mers (paired with its reverse complement [32]). (A): the red dots represent HEVs (395 genomes), the blue ones for HIV (279 genomes), the magenta ones for SARS coronavirus (101 genomes), and the cyan ones for rabies virus genomes (63 genomes). (B): the blue dots represent poliovirus (78 genomes), the green ones for echovirus (52 genomes), the red ones for new virus strain enterovirus 68-71 (72 genomes), and the magenta ones for coxsackievirus A and B group genomes (85 genomes). doi:10.1371/journal.pone.0026296.g002",
            "latex": null,
            "type": "figure"
        },
        "FIGREF2": {
            "text": "Phylogenetic trees for the HEVs based on a specific HEV gene (A) versus the HEV barcodes (B). The edge lengths in the trees reflect the genetic distance calculated according to the Kimura-parameter model. The VP1-based tree's reliability was estimated using 1,000 bootstrap replications. The serotype names beside the trees denote what the serotypes of the species having HEVs. doi:10.1371/journal.pone.0026296.g003",
            "latex": null,
            "type": "figure"
        },
        "TABREF0": {
            "text": "Match rate: 93.41%* *The match rate is calculated by the match sequence number/total sequence number. doi:10.1371/journal.pone.0026296.t001 Information of five classes of viruses' complete genome sequences. doi:10.1371/journal.pone.0026296.t002 distance among all the genomes under consideration into the MEGA meg file to build the phylogenetic tree using neighborjoining method in MEGA 4 software. Conceived and designed the experiments: CW GW. Performed the experiments: CW XC HH. Analyzed the data: XC BL. Contributed reagents/materials/analysis tools: XC CW GW BL. Wrote the paper: CW. Designed the study: FL YX.",
            "latex": null,
            "type": "table"
        }
    },
    "back_matter": []
}