{
    "paper_id": "123db7e17bb17a0d4ff1e7ef87cb629d6ac78125",
    "metadata": {
        "title": "Could human coronavirus OC43 have co-evolved with early humans?",
        "authors": [
            {
                "first": "Paulo",
                "middle": [
                    "Eduardo"
                ],
                "last": "Brand\u00e3o",
                "suffix": "",
                "affiliation": {
                    "laboratory": "",
                    "institution": "Universidade de S\u00e3o Paulo",
                    "location": {
                        "settlement": "S\u00e3o Paulo",
                        "region": "SP",
                        "country": "Brazil"
                    }
                },
                "email": ""
            }
        ]
    },
    "abstract": [
        {
            "text": "This paper reports on an investigation of the role of codon usage evolution on the suggested bovine-to-human spillover of Bovine coronavirus (BCoV), an enteric/respiratory virus of cattle, resulting in the emergence of the exclusively respiratory Human coronavirus OC43 (HCoV-OC43). Analyses based on full genomes of BCoV and HCoV-OC43 and on both human and bovine mRNAs sequences of cholecystokinin (CCK) and surfactant protein 1 A (SFTP1-A), representing the enteric and respiratory tract codon usage, respectively, have shown natural selection leading to optimization or deoptimization of viral codon usage to the human enteric and respiratory tracts depending on the virus genes under consideration. A higher correlation was found for the nucleotide distance at the 3 rd nucleotide position of codons and codon usage optimization to the human respiratory tract when BCoV and HCoV-OC43 were compared. An MCC tree based on relative synonymous codon usage (RSCU) data integrating data from both viruses and hosts into a same analysis indicated three putative host/virus contact dates ranging from 1.54E8 to 2.44E5 years ago, suggesting that an ancestor coronavirus might have followed human evolution.",
            "cite_spans": [],
            "ref_spans": [],
            "section": "Abstract"
        }
    ],
    "body_text": [
        {
            "text": "Human coronavirus OC43 (Nidovirales: Coronaviridae:",
            "cite_spans": [],
            "ref_spans": [],
            "section": "Introduction"
        },
        {
            "text": "Coronavirinae: Betacoronavirus: Betacoronavirus 1, HCoV-OC43) is an epitheliotropic respiratory virus widespread in human populations and involved in common cold (M\u00e4kel\u00e4 et al., 1998) , while Bovine coronavirus (BCoV), another host-type of Betacoronavirus 1, is commonly found infecting both the respiratory and enteric tracts of cattle and might lead to respiratory disease and diarrhea/dysentery (Dea et al., 1995; Saif, 2010) . A suggested bovine-to-human spillover of BCoV resulting in HCoV-OC43 has been proposed around year 1890, based on the spike (S) gene sequences of BCoV and HCoV-OC43 (Vijgen et al., 2005b; Bidokhti et al., 2013) .",
            "cite_spans": [
                {
                    "start": 162,
                    "end": 183,
                    "text": "(M\u00e4kel\u00e4 et al., 1998)",
                    "ref_id": "BIBREF18"
                },
                {
                    "start": 398,
                    "end": 416,
                    "text": "(Dea et al., 1995;",
                    "ref_id": "BIBREF5"
                },
                {
                    "start": 417,
                    "end": 428,
                    "text": "Saif, 2010)",
                    "ref_id": "BIBREF26"
                },
                {
                    "start": 596,
                    "end": 618,
                    "text": "(Vijgen et al., 2005b;",
                    "ref_id": "BIBREF34"
                },
                {
                    "start": 619,
                    "end": 641,
                    "text": "Bidokhti et al., 2013)",
                    "ref_id": "BIBREF2"
                }
            ],
            "ref_spans": [],
            "section": "Introduction"
        },
        {
            "text": "The Betacoronavirus 1 genome is a ca. 32 kb single-stranded positive-sense 5' capped RNA coding for subgenomic mRNAs (sgmRNAs) in the order ORF1(replicase)-HE (hemagglutinin-esterase)-S-(spike glycoprotein)-E (envelope protein)-M (membrane protein)-I (internal protein)-N (nucleocapsid protein). A 32kDa accessory protein (ns2) is found in both BCoV and HCoV-OC43 where the gene (ns2) is located before the HE gene (Masters, 2006; Labont\u00e9 et al., 1995) . The replicase polyprotein is cleaved into 16 non-structural proteins (nsps) with multiple roles in sgmRNA synthesis and genome replication (Ziebuhr and Snijder, 2007) .",
            "cite_spans": [
                {
                    "start": 415,
                    "end": 430,
                    "text": "(Masters, 2006;",
                    "ref_id": "BIBREF19"
                },
                {
                    "start": 431,
                    "end": 452,
                    "text": "Labont\u00e9 et al., 1995)",
                    "ref_id": "BIBREF13"
                },
                {
                    "start": 594,
                    "end": 621,
                    "text": "(Ziebuhr and Snijder, 2007)",
                    "ref_id": "BIBREF42"
                }
            ],
            "ref_spans": [],
            "section": "Introduction"
        },
        {
            "text": "Betacoronaviruses have a history of spillover to humans leading to the emergence of pathogens, such as the Middle East Respiratory Syndrome Human Coronavirus (MERS-CoV) and the Severe Acute Respiratory Syndrome Human Coronavirus (HCoV-SARS) (Li et al., 2005; Gossner et al., 2016) . Such a pathogen emergence is limited by ecological and genetic factors (Gandon et al., 2013) , and codon usage, i.e., the deviation from the random use of different codons for the 2 to 6-fold degenerate codons (Hershberg and Petrov, 2009; Roth et al., 2012) , is one genetic factor that might help to explain this process.",
            "cite_spans": [
                {
                    "start": 241,
                    "end": 258,
                    "text": "(Li et al., 2005;",
                    "ref_id": "BIBREF17"
                },
                {
                    "start": 259,
                    "end": 280,
                    "text": "Gossner et al., 2016)",
                    "ref_id": "BIBREF10"
                },
                {
                    "start": 354,
                    "end": 375,
                    "text": "(Gandon et al., 2013)",
                    "ref_id": "BIBREF9"
                },
                {
                    "start": 493,
                    "end": 521,
                    "text": "(Hershberg and Petrov, 2009;",
                    "ref_id": "BIBREF11"
                },
                {
                    "start": 522,
                    "end": 540,
                    "text": "Roth et al., 2012)",
                    "ref_id": "BIBREF25"
                }
            ],
            "ref_spans": [],
            "section": "Introduction"
        },
        {
            "text": "Codon usage evolution has a measurable role on the adaptation of viruses to hosts (Chantawannakul and Cutler, 2008) due to natural selection based on translation efficiency and also drift according to the genomic mutation pressure (Nei and Kumar, 2000; Hershberg and Petrov, 2009 ). Nonetheless, codon usage studies meet limitations on plausible indicators and dating methods to estimate the coevolution patterns after a virus meets a new host species. If the dating of a spillover event based solely on virus nucleotide sequence data would agree with codon usage dating, based on both virus and host data, is hitherto unknown.",
            "cite_spans": [
                {
                    "start": 82,
                    "end": 115,
                    "text": "(Chantawannakul and Cutler, 2008)",
                    "ref_id": "BIBREF4"
                },
                {
                    "start": 231,
                    "end": 252,
                    "text": "(Nei and Kumar, 2000;",
                    "ref_id": "BIBREF22"
                },
                {
                    "start": 253,
                    "end": 279,
                    "text": "Hershberg and Petrov, 2009",
                    "ref_id": "BIBREF11"
                }
            ],
            "ref_spans": [],
            "section": "Introduction"
        },
        {
            "text": "The aim of this study was to analyze the BCoV/HCoV-OC43 spillover to humans based on codon usage data for codon selection regime, fitness and virus/host relationship dating estimates.",
            "cite_spans": [],
            "ref_spans": [],
            "section": "Introduction"
        },
        {
            "text": "Complete genome sequences were retrieved from GenBank for BCoV (strain BCoV R-AH187, EF424620.1), detected in 2000 in the USA , and HCoV-OC43 (strain 19572, AY903460.1), detected in 2004 in Belgium (Vijgen et al., 2005a) . These two sequences were considered as representatives of the diversity of each virus, and the inclusion criteria were based on genome completeness and annotation.",
            "cite_spans": [
                {
                    "start": 198,
                    "end": 220,
                    "text": "(Vijgen et al., 2005a)",
                    "ref_id": "BIBREF33"
                }
            ],
            "ref_spans": [],
            "section": "Sequences"
        },
        {
            "text": "Further human coronaviruses complete genome sequences included HCoV-HKU1 (KF686341.1), HCoV-NL63 (DQ445911.1), HCoV-229E (JX503061.1), HCoV-SARS (AY291315), and two HCoV-MERS (KJ156949 from a strain detected in a human patient and KJ713299.1 detected in a dromedary camel).",
            "cite_spans": [],
            "ref_spans": [],
            "section": "Sequences"
        },
        {
            "text": "The eight coronavirus genomes were split into each coding region/mRNA for the analyses. Nsps 1-16 sequences were checked based on nsps 3 and 5 cleavage sites (Ziebuhr and Snijder, 2007; Wojdyla et al., 2010) .",
            "cite_spans": [
                {
                    "start": 158,
                    "end": 185,
                    "text": "(Ziebuhr and Snijder, 2007;",
                    "ref_id": "BIBREF42"
                },
                {
                    "start": 186,
                    "end": 207,
                    "text": "Wojdyla et al., 2010)",
                    "ref_id": "BIBREF38"
                }
            ],
            "ref_spans": [],
            "section": "Sequences"
        },
        {
            "text": "As representatives of highly expressed, tissuespecific proteins for the respiratory and enteric tracts of H. sapiens sapiens and B. taurus taurus, complete mRNA sequences were retrieved from GenBank for the surfactant protein A1 SFTPA1 (NM_001077838.2 and NG_021189.1) and cholecystokinin CCK (NM_001046603.2 and NM_000729.4), respectively.",
            "cite_spans": [],
            "ref_spans": [],
            "section": "Sequences"
        },
        {
            "text": "CAI is an indicator of translational fitness of an mRNA regarding a reference translational system, ranging from 0 (no fitness) to 1 (highest fitness) (Lee et al., 2010) . To determine the lower and upper limits for HCoVs in the respiratory and enteric tracts of humans, the eight HCoV sequences had their CAIs calculated for each coding region/mRNA using human SFTPA1 and CCK sequences as references in CAI Calculator 2 (Wu et al., 2005) based on the equation by Sharp and Li (1987) .",
            "cite_spans": [
                {
                    "start": 151,
                    "end": 169,
                    "text": "(Lee et al., 2010)",
                    "ref_id": "BIBREF16"
                },
                {
                    "start": 421,
                    "end": 438,
                    "text": "(Wu et al., 2005)",
                    "ref_id": "BIBREF40"
                },
                {
                    "start": 464,
                    "end": 483,
                    "text": "Sharp and Li (1987)",
                    "ref_id": "BIBREF27"
                }
            ],
            "ref_spans": [],
            "section": "Codon adaptation index (CAI) limits for human coronaviruses and DCAI for HCoV-OC43 and BCoV"
        },
        {
            "text": "CAI differences (DCAI) were calculated as HCoV-OC43 CAI -BCoV CAI (calculated as mentioned above) for each coding region/mRNA regarding human respiratory and enteric tracts in order to access the codon optimization (DCAI>1) or deoptimization (DCAI<1) for the bovineto-human spill over.",
            "cite_spans": [],
            "ref_spans": [],
            "section": "Codon adaptation index (CAI) limits for human coronaviruses and DCAI for HCoV-OC43 and BCoV"
        },
        {
            "text": "For each HCoV-OC43 and BCoV coding region/mRNA, the observed effective number of codons (Nc) and the frequency of G or C at the 3rd codon positions in synonymous codons (%GC3s) (Wright, 1990 ) was calcu-lated using ACUA 1.0 software (Vetrivel et al., 2007) and CAI Cal (Puigbo et al., 2008) , and both indicators were plotted in the expected number of codons (ENC)/ expected %GC3 graph (Wright, 1990) . Dots from observed values outside the expected values curve are an indication of natural selection, while those on the curve indicate drift/ mutation pressure.",
            "cite_spans": [
                {
                    "start": 177,
                    "end": 190,
                    "text": "(Wright, 1990",
                    "ref_id": "BIBREF39"
                },
                {
                    "start": 233,
                    "end": 256,
                    "text": "(Vetrivel et al., 2007)",
                    "ref_id": "BIBREF31"
                },
                {
                    "start": 269,
                    "end": 290,
                    "text": "(Puigbo et al., 2008)",
                    "ref_id": "BIBREF24"
                },
                {
                    "start": 386,
                    "end": 400,
                    "text": "(Wright, 1990)",
                    "ref_id": "BIBREF39"
                }
            ],
            "ref_spans": [],
            "section": "Codon usage selection regimes"
        },
        {
            "text": "For each HCoV-OC43 and BCoV coding region/mRNA and human and bovine CCK and SFTPA1, the values of RSCU (relative synonymous codon usage) were estimated for the 59 nonstop degenerate codons using Mega 7 software (Kumar et al., 2016) . Codons with RSCU <1 are considered non-preferred, and those with RSCU >1 are preferred, while an RSCU=1 indicates a neutral codon (Su et al., 2009 ).",
            "cite_spans": [
                {
                    "start": 211,
                    "end": 231,
                    "text": "(Kumar et al., 2016)",
                    "ref_id": "BIBREF12"
                },
                {
                    "start": 364,
                    "end": 380,
                    "text": "(Su et al., 2009",
                    "ref_id": "BIBREF29"
                }
            ],
            "ref_spans": [],
            "section": "Viruses/hosts codon usage co-evolution analysis"
        },
        {
            "text": "Next, continuous RSCU values were assigned the binary values 0 (RSCU\u00a31) and 1 (RSCU>1), and data from both hosts and both HCoV-OC43 and BCoV assembled into a single alignment were used to build an MCMC MCC tree with the simple model. This included estimated frequencies, burn in=10% states, uncorrelated exponential relaxed clock (which showed a lower standard deviation when compared to lognormal clock) and constant population size (due to the lack of consensus priors for an exponential growth coalescent analysis for H. sapiens sapiens, B. taurus taurus and coronaviruses) and was built using Beast v. 1.8.3 (Drummond and Rambaut, 2007; Drummond et al., 2012) .",
            "cite_spans": [
                {
                    "start": 612,
                    "end": 640,
                    "text": "(Drummond and Rambaut, 2007;",
                    "ref_id": "BIBREF7"
                },
                {
                    "start": 641,
                    "end": 663,
                    "text": "Drummond et al., 2012)",
                    "ref_id": "BIBREF8"
                }
            ],
            "ref_spans": [],
            "section": "Viruses/hosts codon usage co-evolution analysis"
        },
        {
            "text": "Calibration times to estimate branch lengths were based on dates with 2004 (HCoV-OC43 strain 19572 detection date) as the reference year and were as follows: 200,000 years ago (y.a.) for H. sapiens sapiens (Weaver, 2012) , 10,000 y.a. for B. taurus taurus based on the domestication dates for this species (reviewed by Ajmone-Marsan et al., 2010) , 114 y.a. for HCoV-OC43 (Vijgen et al., 2005b) and 602 y.a. for BCoV based on the Betacoronavirus 1 split (Lau et al., 2015) .",
            "cite_spans": [
                {
                    "start": 206,
                    "end": 220,
                    "text": "(Weaver, 2012)",
                    "ref_id": "BIBREF36"
                },
                {
                    "start": 319,
                    "end": 346,
                    "text": "Ajmone-Marsan et al., 2010)",
                    "ref_id": "BIBREF0"
                },
                {
                    "start": 372,
                    "end": 394,
                    "text": "(Vijgen et al., 2005b)",
                    "ref_id": "BIBREF34"
                },
                {
                    "start": 454,
                    "end": 472,
                    "text": "(Lau et al., 2015)",
                    "ref_id": "BIBREF15"
                }
            ],
            "ref_spans": [],
            "section": "Viruses/hosts codon usage co-evolution analysis"
        },
        {
            "text": "The RSCU binary distance between human and bovine CCK and SFTPA1 was calculated as the total difference for each of these two datasets and used as a measure of codon usage distance for the enteric and respiratory tracts, respectively, for these two host species.",
            "cite_spans": [],
            "ref_spans": [],
            "section": "Viruses/hosts codon usage co-evolution analysis"
        },
        {
            "text": "Codon adaptation index (CAI) limits for human coronaviruses and DCAI for HCoV-OC43 and BCoV CAI upper and lower limits for the seven human coronaviruses included in this study in human respiratory and enteric tracts were 0.244-0.611 (corresponding to HCoV-SARS nsp11 and nsp10, respectively) and 0.244-0.472 (corresponding to HCoV-SARS ORF7b and nsp11, respectively).",
            "cite_spans": [],
            "ref_spans": [],
            "section": "Results"
        },
        {
            "text": "Brand\u00e3o 693 CAI optimization (DCAI>1) was found for nsp2-5, nsp8, nsp11, nsp15, ns2, HE, S, M, I and N and nsp2, nsp4-6, nsp11, nsp14, nsp16, ns2, M and N proteins on the enteric and respiratory tracts, respectively. Deoptimization (DCAI<1) was found nsp1, nsp6, nsp9-10, nsp12-14, nsp16 and E and nsp1, nsp3, nsp8-10, nsp12-13, HE, S, E and I proteins for the enteric and respiratory tracts, respectively.",
            "cite_spans": [],
            "ref_spans": [],
            "section": "Results"
        },
        {
            "text": "A DCAI=0 was found for nsp7 on both respiratory and enteric human tracts and for nsp15 on the respiratory tract. DCAI values for each coding region/mRNA of HCoV-OC43 on the human enteric and respiratory tracts are represented in Figure 1 .",
            "cite_spans": [],
            "ref_spans": [
                {
                    "start": 229,
                    "end": 237,
                    "text": "Figure 1",
                    "ref_id": "FIGREF0"
                }
            ],
            "section": "Results"
        },
        {
            "text": "For both BCoV and HCoV-OC43 nsp7, the lowest CAI distance (-0.039) was found for both the human and respiratory and enteric tracts regarding the lower CAI limit calculated for all seven human coronaviruses, while the highest CAI distances for the lower human coronaviruses CAI was found for BCoV and HCoV-OC43 N for both the human and respiratory and enteric tracts (-0.282 and -0.302, respectively) and BCoV nsp15 (-0,282) for the human respiratory tract.",
            "cite_spans": [],
            "ref_spans": [],
            "section": "Results"
        },
        {
            "text": "Correlation analysis of DCAI and nucleotide identities amongst the 23 BCoV and HCoV-OC43 homologous coding regions/ mRNAs based on 1st, 2nd and 3rd and on the 3rd nucleotide position only showed the highest r 2 (correlation coefficient) value (0.27) for the 3rd nucleotide position regarding the human respiratory tract, while r 2 values for DCAI and 1st, 2nd and 3rd regarding the human enteric and respiratory tracts were both 0.05 and, regarding the 3rd positions only and the human enteric tract, 0.07.",
            "cite_spans": [],
            "ref_spans": [],
            "section": "Results"
        },
        {
            "text": "All Nc x %GC3s plots were found either above or below the ENC x %GC3 expected curve for all HCoV-OC43 and BCoV coding regions/mRNAs and for human and bovine CCK and SFTPA1 (Figure 2) , an indication that codon usage in these cases was ruled by natural selection.",
            "cite_spans": [],
            "ref_spans": [
                {
                    "start": 172,
                    "end": 182,
                    "text": "(Figure 2)",
                    "ref_id": "FIGREF1"
                }
            ],
            "section": "Codon usage selection regimes"
        },
        {
            "text": "In Figure 2 , the two closest dots to bovine and human SFTPA1 dots represent the internal I protein of BCoV (upper) and HCoV-OC43 (lower), while the two dots at the bottom of the graph refer to BCoV and HCoV-OC43 nsp11.",
            "cite_spans": [],
            "ref_spans": [
                {
                    "start": 3,
                    "end": 11,
                    "text": "Figure 2",
                    "ref_id": "FIGREF1"
                }
            ],
            "section": "Codon usage selection regimes"
        },
        {
            "text": "All 95% HPDs (Highest Posterior Densities) are presented in years. In the MCC tree shown in Figure 3 , the first split event (node A, 95% HPD 2.44E5-1.54E8) resulted in two major clusters, the largest one containing all HCoV-OC43 and BCoV coding regions/ mRNAs data except for I protein and a minor cluster containing both human and bovine CCK and SFTPA1 and HCoV-OC43 and BCoV I protein. For this minor cluster containing both hosts and coronaviruses codon usage statuses, a second split was found (node B, 95% HPD 2.07E5-1.55E8), resulting in a cluster with SFTPA1 only and another cluster with CCK and HCoV-OC43 and BCoV I, and for this last one a third split event (node C, 95%HPD 2.04E5-3.54E6) led to CCK and HCoV-OC43/ BCoV I exclusive clusters. The RSCU distance of human and bovine CCK and SFTPA1 mRNAs were 0.136 and 0.221, respectively.",
            "cite_spans": [],
            "ref_spans": [
                {
                    "start": 92,
                    "end": 100,
                    "text": "Figure 3",
                    "ref_id": "FIGREF2"
                }
            ],
            "section": "Viruses/hosts codon usage co-evolution analysis"
        },
        {
            "text": "Human coronavirus evolution ",
            "cite_spans": [],
            "ref_spans": [],
            "section": "694"
        },
        {
            "text": "Codon usage optimization and deoptimization based on DCAI values for ORF1 nsps, observed for both the human enteric and respiratory tracts, might be a consequence of a balance between synthesis efficiency and fine-tuning codon usage adaptation to the new host codon usage after a bovine-to-human coronavirus spillover. Though these proteins are coded in the same ORF, the distinct roles they play during RNA replication and sgmRNAs transcription might demand not only different synthesis efficiencies but also, in some cases, compensatory or concerted codon usage evolution, as in the case of the proteases PLpro and 3C-like in nsps 3 and 5, respectively, which can process ORF1 poly-Brand\u00e3o 695 protein and release from it all subunits (Ziebuhr and Snijder, 2007) . The analysis of coronaviruses non-structural proteins of the replicase class allows deep phylogenies to be estimated (Snijder et al., 2003) and results, thus, in a more representative range of evolutionary data to assess ancient virus/hosts relationship when associated to structural proteins data as herein.",
            "cite_spans": [
                {
                    "start": 737,
                    "end": 764,
                    "text": "(Ziebuhr and Snijder, 2007)",
                    "ref_id": "BIBREF42"
                },
                {
                    "start": 884,
                    "end": 906,
                    "text": "(Snijder et al., 2003)",
                    "ref_id": "BIBREF28"
                }
            ],
            "ref_spans": [],
            "section": "Discussion"
        },
        {
            "text": "Regarding the structural proteins, the different degrees of optimization and deoptimization found based on human enteric and respiratory tracts, besides the translation efficiency, might also be due to both an immune escape efficiency, as in the case of HE and S, as a lower CAI might lead to lower protein synthesis and consequently lower exposure to the immune system (Bahir et al., 2009 ) and a fine-tuning codon adaptation leading to a more efficient receptor binding to the human tissues due to the primary S and accessory HE roles on this function (Popova and Zhang, 2002) .",
            "cite_spans": [
                {
                    "start": 370,
                    "end": 389,
                    "text": "(Bahir et al., 2009",
                    "ref_id": "BIBREF1"
                },
                {
                    "start": 554,
                    "end": 578,
                    "text": "(Popova and Zhang, 2002)",
                    "ref_id": "BIBREF23"
                }
            ],
            "ref_spans": [],
            "section": "Discussion"
        },
        {
            "text": "As seen in the MCC tree (Figure 3 ), the first split (Node A) of hosts (H. sapiens sapiens/B. taurus taurus) and HCoV-OC43/BCoV showed a 95% HPD from 1.54E8 to 2.44E5 years ago, ranging from the Kimmeridgian age of the Late Jurassic to the Middle Pleistocene.",
            "cite_spans": [],
            "ref_spans": [
                {
                    "start": 24,
                    "end": 33,
                    "text": "(Figure 3",
                    "ref_id": "FIGREF2"
                }
            ],
            "section": "Discussion"
        },
        {
            "text": "Taking node A as a first split and thus as a consequence of a first contact between the codon usage of an ancestor coronavirus with the codon usage of an ancestor host, the lower limit (1.54E8 ya) brings the ancestor coronavirus codon usage status to an age compatible with the proposed ancient origin of coronaviruses as being 2.93E8 y.a. (Wertheim et al., 2013) , while the upper limit (2.44E5) is related to a time compatible with early humans, in agreement with the suggested interspecies transmission of a betacoronavirus prior to the HCoV-OC43/BCoV split (Vijgen et al., 2006) . Such a large time span might be due to the lack of data from hosts and coronaviruses in between these upper and lower limits, but it places an ancestor betacoronavirus as coevolving with a diversity of dinosaurs (Langer et al., 2010) in the Late Jurassic and reaching early humans with until unknown intermediate hosts during this large time span. It is worthy of note that this time span overlaps with the one found for node B (95% HPD 2.07E5-1.55E8), meaning that the first ancestor host/ ancestor betacoronavirus contact might have been stable for circa 150 million years before reaching early humans.",
            "cite_spans": [
                {
                    "start": 340,
                    "end": 363,
                    "text": "(Wertheim et al., 2013)",
                    "ref_id": "BIBREF37"
                },
                {
                    "start": 561,
                    "end": 582,
                    "text": "(Vijgen et al., 2006)",
                    "ref_id": "BIBREF35"
                },
                {
                    "start": 797,
                    "end": 818,
                    "text": "(Langer et al., 2010)",
                    "ref_id": "BIBREF14"
                }
            ],
            "ref_spans": [],
            "section": "Discussion"
        },
        {
            "text": "As for node C, the 95% HPD 2.04E5-3.54E6 embraces human evolution from Australopithecus spp to H. sapiens sapiens (McHenry, 1994) , what could finally represent the first sign of BCoV spillover from an ancestor ruminant host to the human lineage after a first contact with the respiratory tract (represented by SFTPA1 in Figure 3 ).",
            "cite_spans": [
                {
                    "start": 114,
                    "end": 129,
                    "text": "(McHenry, 1994)",
                    "ref_id": "BIBREF20"
                }
            ],
            "ref_spans": [
                {
                    "start": 321,
                    "end": 329,
                    "text": "Figure 3",
                    "ref_id": "FIGREF2"
                }
            ],
            "section": "Discussion"
        },
        {
            "text": "The discrepancy of HPDs values, when compared to previous dates on the HCoV-OC43/BCoV split and the emergence of all coronaviruses, might be a consequence of both the use of full genomes data and the selection unit used in this survey, i.e., codon usage, instead of subgenomic data based on nucleotide evolution as proposed by others (Vijgen et al., 2005b; Vijaykrishna et al., 2007; Munir and Cortey, 2015) .",
            "cite_spans": [
                {
                    "start": 334,
                    "end": 356,
                    "text": "(Vijgen et al., 2005b;",
                    "ref_id": "BIBREF34"
                },
                {
                    "start": 357,
                    "end": 383,
                    "text": "Vijaykrishna et al., 2007;",
                    "ref_id": "BIBREF32"
                },
                {
                    "start": 384,
                    "end": 407,
                    "text": "Munir and Cortey, 2015)",
                    "ref_id": "BIBREF21"
                }
            ],
            "ref_spans": [],
            "section": "Discussion"
        },
        {
            "text": "All coding regions/mRNAs from an ancestor coronavirus (except for HCoV-OC43 nsp7 in both respiratory and enteric human tracts, and for nsp15 on the human respiratory tract, DCAIs=0) experienced optimization or deoptimization, as suggested in Figure 1 , probably after Node A ( Figure 3 ). This process of codon usage evolution resulted in CAIs approaching the CAI limits for human coronaviruses as calculated herein (0.22-0.611 for the respiratory and 0.244-0.472 for the enteric tract) during codon usage evolution by natural selection, as shown in the Nc x %GC3s analysis ( Figure 2 ). The association of data on fluctuations in codon usage optimization with analysis of the selection regime and a temporal analysis, both based on codon usage, as used in this investigation, might be of value for a deeper understanding of tempo and modes of viruses and hosts coevolution.",
            "cite_spans": [],
            "ref_spans": [
                {
                    "start": 242,
                    "end": 250,
                    "text": "Figure 1",
                    "ref_id": "FIGREF0"
                },
                {
                    "start": 277,
                    "end": 285,
                    "text": "Figure 3",
                    "ref_id": "FIGREF2"
                },
                {
                    "start": 576,
                    "end": 584,
                    "text": "Figure 2",
                    "ref_id": "FIGREF1"
                }
            ],
            "section": "Discussion"
        },
        {
            "text": "Having crossed the longer codon usage distance from the bovine to human respiratory tract (0.221) when compared to the enteric tract (0.136), HCoV-OC43 became a highly respiratory-specialized virus with high fitness to this new replication site and predating the proposed event around the year 1890 (Vijgen et al., 2005b; Bidokhti et al., 2013) .",
            "cite_spans": [
                {
                    "start": 299,
                    "end": 321,
                    "text": "(Vijgen et al., 2005b;",
                    "ref_id": "BIBREF34"
                },
                {
                    "start": 322,
                    "end": 344,
                    "text": "Bidokhti et al., 2013)",
                    "ref_id": "BIBREF2"
                }
            ],
            "ref_spans": [],
            "section": "Discussion"
        },
        {
            "text": "Though nsp14 is a coronavirus 3'-5' exonuclease (Denison et al., 2011) , whose proofreading activity lowers the mutation rate of these viruses when compared to other RNA viruses, the mutant spectrum phenomenon is well documented in HCoV-OC43 and BCoV (Vabret et al., 2006; Borucki et al., 2013) , and as a result, a plethora of synonymous mutations that power codon usage diversity is available for the optimization or deoptimization of codon usage in different genes via natural selection or drift as well.",
            "cite_spans": [
                {
                    "start": 48,
                    "end": 70,
                    "text": "(Denison et al., 2011)",
                    "ref_id": "BIBREF6"
                },
                {
                    "start": 251,
                    "end": 272,
                    "text": "(Vabret et al., 2006;",
                    "ref_id": "BIBREF30"
                },
                {
                    "start": 273,
                    "end": 294,
                    "text": "Borucki et al., 2013)",
                    "ref_id": "BIBREF3"
                }
            ],
            "ref_spans": [],
            "section": "Discussion"
        },
        {
            "text": "An in important limitation to these arguments is that codon usage studies only allow speculations after virus attachment and entry, two processes intimately related to membrane receptor specificities that cannot be assessed in organisms for which at least gene data are not available. Also, the full set of interspecies jumps for the HCoV-OC43 ancestors has not been assessed here, as the focus was the proposed recent bovine-to-human spillover (Vijgen et al., 2005b) , and this might have limited the detection of further nodes of codon usage status split with coronaviruses and different hosts.",
            "cite_spans": [
                {
                    "start": 445,
                    "end": 467,
                    "text": "(Vijgen et al., 2005b)",
                    "ref_id": "BIBREF34"
                }
            ],
            "ref_spans": [],
            "section": "Discussion"
        },
        {
            "text": "As a conclusion, via codon usage through natural selection resulting in immune escape balanced with protein synthesis efficiency, an ancestor coronavirus might have followed human evolution with no codon usage barrier fitness deep in the human lineage. 696 Human coronavirus evolution",
            "cite_spans": [
                {
                    "start": 253,
                    "end": 256,
                    "text": "696",
                    "ref_id": null
                }
            ],
            "ref_spans": [],
            "section": "Discussion"
        }
    ],
    "bib_entries": {
        "BIBREF0": {
            "ref_id": "b0",
            "title": "On the origin of cattle: How aurochs became cattle and colonized the world",
            "authors": [
                {
                    "first": "P",
                    "middle": [],
                    "last": "Ajmone-Marsan",
                    "suffix": ""
                },
                {
                    "first": "J",
                    "middle": [
                        "F"
                    ],
                    "last": "Garcia",
                    "suffix": ""
                },
                {
                    "first": "J",
                    "middle": [
                        "A"
                    ],
                    "last": "Lenstra",
                    "suffix": ""
                }
            ],
            "year": 2010,
            "venue": "Evol Anthropol",
            "volume": "19",
            "issn": "",
            "pages": "148--157",
            "other_ids": {}
        },
        "BIBREF1": {
            "ref_id": "b1",
            "title": "Viral adaptation to host: a proteome-based analysis of codon usage and amino acid preferences",
            "authors": [
                {
                    "first": "I",
                    "middle": [],
                    "last": "Bahir",
                    "suffix": ""
                },
                {
                    "first": "M",
                    "middle": [],
                    "last": "Fromer",
                    "suffix": ""
                },
                {
                    "first": "Y",
                    "middle": [],
                    "last": "Prat",
                    "suffix": ""
                },
                {
                    "first": "M",
                    "middle": [],
                    "last": "Linial",
                    "suffix": ""
                }
            ],
            "year": 2009,
            "venue": "Mol Syst Biol",
            "volume": "5",
            "issn": "",
            "pages": "",
            "other_ids": {}
        },
        "BIBREF2": {
            "ref_id": "b2",
            "title": "Evolutionary dynamics of bovine coronaviruses: Natural selection pattern of the spike gene implies adaptive evolution of the strains",
            "authors": [
                {
                    "first": "M",
                    "middle": [
                        "R"
                    ],
                    "last": "Bidokhti",
                    "suffix": ""
                },
                {
                    "first": "M",
                    "middle": [],
                    "last": "Tr\u00e5v\u00e9n",
                    "suffix": ""
                },
                {
                    "first": "N",
                    "middle": [
                        "K"
                    ],
                    "last": "Krishna",
                    "suffix": ""
                },
                {
                    "first": "M",
                    "middle": [],
                    "last": "Munir",
                    "suffix": ""
                },
                {
                    "first": "S",
                    "middle": [],
                    "last": "Bel\u00e1k",
                    "suffix": ""
                },
                {
                    "first": "Alenius",
                    "middle": [
                        "S"
                    ],
                    "last": "Cortey",
                    "suffix": ""
                },
                {
                    "first": "M",
                    "middle": [],
                    "last": "",
                    "suffix": ""
                }
            ],
            "year": 2013,
            "venue": "J Gen Virol",
            "volume": "94",
            "issn": "",
            "pages": "2036--2049",
            "other_ids": {}
        },
        "BIBREF3": {
            "ref_id": "b3",
            "title": "The role of viral population diversity in adaptation ofbovine coronavirusto new host environments",
            "authors": [
                {
                    "first": "M",
                    "middle": [
                        "K"
                    ],
                    "last": "Borucki",
                    "suffix": ""
                },
                {
                    "first": "J",
                    "middle": [
                        "E"
                    ],
                    "last": "Allen",
                    "suffix": ""
                },
                {
                    "first": "H",
                    "middle": [],
                    "last": "Chen-Harris",
                    "suffix": ""
                },
                {
                    "first": "A",
                    "middle": [],
                    "last": "Zemla",
                    "suffix": ""
                },
                {
                    "first": "G",
                    "middle": [],
                    "last": "Vanier",
                    "suffix": ""
                },
                {
                    "first": "S",
                    "middle": [],
                    "last": "Mabery",
                    "suffix": ""
                },
                {
                    "first": "C",
                    "middle": [],
                    "last": "Torres",
                    "suffix": ""
                },
                {
                    "first": "P",
                    "middle": [],
                    "last": "Hullinger",
                    "suffix": ""
                },
                {
                    "first": "T",
                    "middle": [],
                    "last": "Slezak",
                    "suffix": ""
                }
            ],
            "year": 2013,
            "venue": "PLoS One",
            "volume": "8",
            "issn": "",
            "pages": "",
            "other_ids": {}
        },
        "BIBREF4": {
            "ref_id": "b4",
            "title": "Convergent host-parasite codon usage between honeybee and bee associated viral genomes",
            "authors": [
                {
                    "first": "P",
                    "middle": [],
                    "last": "Chantawannakul",
                    "suffix": ""
                },
                {
                    "first": "R",
                    "middle": [
                        "W"
                    ],
                    "last": "Cutler",
                    "suffix": ""
                }
            ],
            "year": 2008,
            "venue": "J Invertebr Pathol",
            "volume": "98",
            "issn": "",
            "pages": "206--210",
            "other_ids": {}
        },
        "BIBREF5": {
            "ref_id": "b5",
            "title": "Comparison of bovine coronavirus isolates associated with neonatal calf diarrhea and winter dysentery in adult dairy cattle in Qu\u00e9bec",
            "authors": [
                {
                    "first": "S",
                    "middle": [],
                    "last": "Dea",
                    "suffix": ""
                },
                {
                    "first": "L",
                    "middle": [],
                    "last": "Michaud",
                    "suffix": ""
                },
                {
                    "first": "G",
                    "middle": [],
                    "last": "Milane",
                    "suffix": ""
                }
            ],
            "year": 1995,
            "venue": "J Gen Virol",
            "volume": "76",
            "issn": "",
            "pages": "1263--1270",
            "other_ids": {}
        },
        "BIBREF6": {
            "ref_id": "b6",
            "title": "Coronaviruses: An RNA proofreading machine regulates replication fidelity and diversity",
            "authors": [
                {
                    "first": "M",
                    "middle": [
                        "R"
                    ],
                    "last": "Denison",
                    "suffix": ""
                },
                {
                    "first": "R",
                    "middle": [
                        "L"
                    ],
                    "last": "Graham",
                    "suffix": ""
                },
                {
                    "first": "E",
                    "middle": [
                        "F"
                    ],
                    "last": "Donaldson",
                    "suffix": ""
                },
                {
                    "first": "L",
                    "middle": [
                        "D"
                    ],
                    "last": "Eckerle",
                    "suffix": ""
                },
                {
                    "first": "R",
                    "middle": [
                        "S"
                    ],
                    "last": "Baric",
                    "suffix": ""
                }
            ],
            "year": 2011,
            "venue": "RNA Biol",
            "volume": "8",
            "issn": "",
            "pages": "270--279",
            "other_ids": {}
        },
        "BIBREF7": {
            "ref_id": "b7",
            "title": "BEAST: Bayesian evolutionary analysis by sampling trees",
            "authors": [
                {
                    "first": "A",
                    "middle": [
                        "J"
                    ],
                    "last": "Drummond",
                    "suffix": ""
                },
                {
                    "first": "A",
                    "middle": [],
                    "last": "Rambaut",
                    "suffix": ""
                }
            ],
            "year": 2007,
            "venue": "BMC Evol Biol",
            "volume": "7",
            "issn": "",
            "pages": "",
            "other_ids": {}
        },
        "BIBREF8": {
            "ref_id": "b8",
            "title": "Bayesian phylogenetics with BEAUti and the BEAST 1.7",
            "authors": [
                {
                    "first": "A",
                    "middle": [
                        "J"
                    ],
                    "last": "Drummond",
                    "suffix": ""
                },
                {
                    "first": "M",
                    "middle": [
                        "A"
                    ],
                    "last": "Suchard",
                    "suffix": ""
                },
                {
                    "first": "D",
                    "middle": [],
                    "last": "Xie",
                    "suffix": ""
                },
                {
                    "first": "A",
                    "middle": [],
                    "last": "Rambaut",
                    "suffix": ""
                }
            ],
            "year": 2012,
            "venue": "Mol Biol Evol",
            "volume": "29",
            "issn": "",
            "pages": "1969--1973",
            "other_ids": {}
        },
        "BIBREF9": {
            "ref_id": "b9",
            "title": "What limits the evolutionary emergence of pathogens?",
            "authors": [
                {
                    "first": "S",
                    "middle": [],
                    "last": "Gandon",
                    "suffix": ""
                },
                {
                    "first": "M",
                    "middle": [
                        "E"
                    ],
                    "last": "Hochberg",
                    "suffix": ""
                },
                {
                    "first": "R",
                    "middle": [
                        "D"
                    ],
                    "last": "Holt",
                    "suffix": ""
                },
                {
                    "first": "T",
                    "middle": [],
                    "last": "Day",
                    "suffix": ""
                }
            ],
            "year": 2013,
            "venue": "Philos Trans R Soc Lond B Biol Sci",
            "volume": "368",
            "issn": "",
            "pages": "",
            "other_ids": {}
        },
        "BIBREF10": {
            "ref_id": "b10",
            "title": "Human-dromedary camel interactions and the risk of acquiring zoonotic Middle East Respiratory Syndrome Coronavirus Infection",
            "authors": [
                {
                    "first": "C",
                    "middle": [],
                    "last": "Gossner",
                    "suffix": ""
                },
                {
                    "first": "N",
                    "middle": [],
                    "last": "Danielson",
                    "suffix": ""
                },
                {
                    "first": "A",
                    "middle": [],
                    "last": "Grevelmeyer",
                    "suffix": ""
                },
                {
                    "first": "F",
                    "middle": [],
                    "last": "Berthe",
                    "suffix": ""
                },
                {
                    "first": "Faye",
                    "middle": [
                        "B"
                    ],
                    "last": "",
                    "suffix": ""
                },
                {
                    "first": "Kaasik",
                    "middle": [],
                    "last": "Aaslav",
                    "suffix": ""
                },
                {
                    "first": "K",
                    "middle": [],
                    "last": "Adlhoch",
                    "suffix": ""
                },
                {
                    "first": "C",
                    "middle": [],
                    "last": "Zeller",
                    "suffix": ""
                },
                {
                    "first": "H",
                    "middle": [],
                    "last": "Penttinen",
                    "suffix": ""
                },
                {
                    "first": "P",
                    "middle": [],
                    "last": "Coloumbier",
                    "suffix": ""
                },
                {
                    "first": "D",
                    "middle": [],
                    "last": "",
                    "suffix": ""
                }
            ],
            "year": 2016,
            "venue": "Zoonoses Public Health",
            "volume": "63",
            "issn": "",
            "pages": "1--9",
            "other_ids": {}
        },
        "BIBREF11": {
            "ref_id": "b11",
            "title": "General rules for optimal codon choice",
            "authors": [
                {
                    "first": "R",
                    "middle": [],
                    "last": "Hershberg",
                    "suffix": ""
                },
                {
                    "first": "D",
                    "middle": [
                        "A"
                    ],
                    "last": "Petrov",
                    "suffix": ""
                }
            ],
            "year": 2009,
            "venue": "PLoS Genet",
            "volume": "5",
            "issn": "",
            "pages": "",
            "other_ids": {}
        },
        "BIBREF12": {
            "ref_id": "b12",
            "title": "MEGA7: Molecular Evolutionary Genetics Analysis Version7.0 for Bigger Datasets",
            "authors": [
                {
                    "first": "S",
                    "middle": [],
                    "last": "Kumar",
                    "suffix": ""
                },
                {
                    "first": "G",
                    "middle": [],
                    "last": "Stecher",
                    "suffix": ""
                },
                {
                    "first": "K",
                    "middle": [],
                    "last": "Tamura",
                    "suffix": ""
                }
            ],
            "year": 2016,
            "venue": "Mol Biol Evol",
            "volume": "33",
            "issn": "",
            "pages": "870--1874",
            "other_ids": {}
        },
        "BIBREF13": {
            "ref_id": "b13",
            "title": "Sequence and expression of the ns2 protein gene of human coronavirus OC43",
            "authors": [
                {
                    "first": "P",
                    "middle": [],
                    "last": "Labont\u00e9",
                    "suffix": ""
                },
                {
                    "first": "S",
                    "middle": [],
                    "last": "Mounir",
                    "suffix": ""
                },
                {
                    "first": "P",
                    "middle": [
                        "J"
                    ],
                    "last": "Talbot",
                    "suffix": ""
                }
            ],
            "year": 1995,
            "venue": "J Gen Virol",
            "volume": "76",
            "issn": "",
            "pages": "431--435",
            "other_ids": {}
        },
        "BIBREF14": {
            "ref_id": "b14",
            "title": "The origin and early evolution of dinosaurs",
            "authors": [
                {
                    "first": "M",
                    "middle": [
                        "C"
                    ],
                    "last": "Langer",
                    "suffix": ""
                },
                {
                    "first": "M",
                    "middle": [
                        "D"
                    ],
                    "last": "Ezcurra",
                    "suffix": ""
                },
                {
                    "first": "J",
                    "middle": [
                        "S"
                    ],
                    "last": "Bittencourt",
                    "suffix": ""
                },
                {
                    "first": "F",
                    "middle": [
                        "E"
                    ],
                    "last": "Novas",
                    "suffix": ""
                }
            ],
            "year": 2010,
            "venue": "Biol Rev",
            "volume": "85",
            "issn": "",
            "pages": "55--110",
            "other_ids": {}
        },
        "BIBREF15": {
            "ref_id": "b15",
            "title": "Discovery of a novel coronavirus, China Rattus coronavirus HKU24, from Norway rats supports the murine origin of Betacoronavirus 1 and has implications for the ancestor of Betacoronavirus lineage A",
            "authors": [
                {
                    "first": "Skp",
                    "middle": [],
                    "last": "Lau",
                    "suffix": ""
                },
                {
                    "first": "Pcy",
                    "middle": [],
                    "last": "Woo",
                    "suffix": ""
                },
                {
                    "first": "Ksm",
                    "middle": [],
                    "last": "Li",
                    "suffix": ""
                },
                {
                    "first": "Akl",
                    "middle": [],
                    "last": "Tsang",
                    "suffix": ""
                },
                {
                    "first": "Ryy",
                    "middle": [],
                    "last": "Fan",
                    "suffix": ""
                },
                {
                    "first": "Hkh",
                    "middle": [],
                    "last": "Luk",
                    "suffix": ""
                },
                {
                    "first": "J",
                    "middle": [],
                    "last": "Cai",
                    "suffix": ""
                },
                {
                    "first": "W",
                    "middle": [],
                    "last": "Chan",
                    "suffix": ""
                },
                {
                    "first": "B",
                    "middle": [],
                    "last": "Zheng",
                    "suffix": ""
                },
                {
                    "first": "M",
                    "middle": [],
                    "last": "Wang",
                    "suffix": ""
                }
            ],
            "year": 2015,
            "venue": "J Virol",
            "volume": "89",
            "issn": "",
            "pages": "3076--3092",
            "other_ids": {}
        },
        "BIBREF16": {
            "ref_id": "b16",
            "title": "Relative codon adaptation index, a sensitive measure of codon usage bias",
            "authors": [
                {
                    "first": "S",
                    "middle": [],
                    "last": "Lee",
                    "suffix": ""
                },
                {
                    "first": "S",
                    "middle": [],
                    "last": "Weon",
                    "suffix": ""
                },
                {
                    "first": "C",
                    "middle": [],
                    "last": "Kang",
                    "suffix": ""
                }
            ],
            "year": 2010,
            "venue": "Evol Bioinform Online",
            "volume": "6",
            "issn": "",
            "pages": "47--55",
            "other_ids": {}
        },
        "BIBREF17": {
            "ref_id": "b17",
            "title": "Bats are natural reservoirs of SARS-like coronaviruses",
            "authors": [
                {
                    "first": "W",
                    "middle": [],
                    "last": "Li",
                    "suffix": ""
                },
                {
                    "first": "Z",
                    "middle": [],
                    "last": "Shi",
                    "suffix": ""
                },
                {
                    "first": "M",
                    "middle": [],
                    "last": "Yu",
                    "suffix": ""
                },
                {
                    "first": "W",
                    "middle": [],
                    "last": "Ren",
                    "suffix": ""
                },
                {
                    "first": "C",
                    "middle": [],
                    "last": "Smith",
                    "suffix": ""
                },
                {
                    "first": "J",
                    "middle": [
                        "H"
                    ],
                    "last": "Epstein",
                    "suffix": ""
                },
                {
                    "first": "H",
                    "middle": [],
                    "last": "Wang",
                    "suffix": ""
                },
                {
                    "first": "G",
                    "middle": [],
                    "last": "Crameri",
                    "suffix": ""
                },
                {
                    "first": "Z",
                    "middle": [],
                    "last": "Hu",
                    "suffix": ""
                },
                {
                    "first": "H",
                    "middle": [],
                    "last": "Zhang",
                    "suffix": ""
                }
            ],
            "year": 2005,
            "venue": "Science",
            "volume": "310",
            "issn": "",
            "pages": "676--679",
            "other_ids": {}
        },
        "BIBREF18": {
            "ref_id": "b18",
            "title": "Viruses and bacteria in the etiology of the common cold",
            "authors": [
                {
                    "first": "M",
                    "middle": [
                        "J"
                    ],
                    "last": "M\u00e4kel\u00e4",
                    "suffix": ""
                },
                {
                    "first": "T",
                    "middle": [],
                    "last": "Puhakka",
                    "suffix": ""
                },
                {
                    "first": "O",
                    "middle": [],
                    "last": "Ruuskanen",
                    "suffix": ""
                },
                {
                    "first": "M",
                    "middle": [],
                    "last": "Leinonen",
                    "suffix": ""
                },
                {
                    "first": "P",
                    "middle": [],
                    "last": "Saikku",
                    "suffix": ""
                },
                {
                    "first": "M",
                    "middle": [],
                    "last": "Kimpim\u00e4ki",
                    "suffix": ""
                },
                {
                    "first": "S",
                    "middle": [],
                    "last": "Blomqvist",
                    "suffix": ""
                },
                {
                    "first": "T",
                    "middle": [],
                    "last": "Hyypi\u00e4",
                    "suffix": ""
                },
                {
                    "first": "P",
                    "middle": [],
                    "last": "Arstila",
                    "suffix": ""
                }
            ],
            "year": 1998,
            "venue": "J Clin Microbiol",
            "volume": "36",
            "issn": "",
            "pages": "539--542",
            "other_ids": {}
        },
        "BIBREF19": {
            "ref_id": "b19",
            "title": "The molecular biology of coronaviruses",
            "authors": [
                {
                    "first": "P",
                    "middle": [
                        "S"
                    ],
                    "last": "Masters",
                    "suffix": ""
                }
            ],
            "year": 2006,
            "venue": "Adv Virus Res",
            "volume": "66",
            "issn": "",
            "pages": "193--292",
            "other_ids": {}
        },
        "BIBREF20": {
            "ref_id": "b20",
            "title": "Tempo and mode in human evolution",
            "authors": [
                {
                    "first": "H",
                    "middle": [
                        "M"
                    ],
                    "last": "Mchenry",
                    "suffix": ""
                }
            ],
            "year": 1994,
            "venue": "Proc Natl Acad Sci",
            "volume": "91",
            "issn": "",
            "pages": "6780--6786",
            "other_ids": {}
        },
        "BIBREF21": {
            "ref_id": "b21",
            "title": "Estimation of evolutionary dynamics and selection pressure",
            "authors": [
                {
                    "first": "M",
                    "middle": [],
                    "last": "Munir",
                    "suffix": ""
                },
                {
                    "first": "M",
                    "middle": [],
                    "last": "Cortey",
                    "suffix": ""
                }
            ],
            "year": 2015,
            "venue": "Coronaviruses: Methods and Protocols",
            "volume": "",
            "issn": "",
            "pages": "41--48",
            "other_ids": {}
        },
        "BIBREF22": {
            "ref_id": "b22",
            "title": "Molecular evolution and phylogenetics",
            "authors": [
                {
                    "first": "M",
                    "middle": [],
                    "last": "Nei",
                    "suffix": ""
                },
                {
                    "first": "S",
                    "middle": [],
                    "last": "Kumar",
                    "suffix": ""
                }
            ],
            "year": 2000,
            "venue": "",
            "volume": "333",
            "issn": "",
            "pages": "",
            "other_ids": {}
        },
        "BIBREF23": {
            "ref_id": "b23",
            "title": "The spike but not the hemagglutinin/esterase protein of bovine coronavirus is necessary and sufficient for viral infection",
            "authors": [
                {
                    "first": "R",
                    "middle": [],
                    "last": "Popova",
                    "suffix": ""
                },
                {
                    "first": "X",
                    "middle": [],
                    "last": "Zhang",
                    "suffix": ""
                }
            ],
            "year": 2002,
            "venue": "Virology",
            "volume": "294",
            "issn": "",
            "pages": "222--236",
            "other_ids": {}
        },
        "BIBREF24": {
            "ref_id": "b24",
            "title": "CAIcal: A combined set of tools to assess codon usage adaptation",
            "authors": [
                {
                    "first": "P",
                    "middle": [],
                    "last": "Puigbo",
                    "suffix": ""
                },
                {
                    "first": "I",
                    "middle": [
                        "G"
                    ],
                    "last": "Bravo",
                    "suffix": ""
                },
                {
                    "first": "S",
                    "middle": [],
                    "last": "Garcia-Vallve",
                    "suffix": ""
                }
            ],
            "year": 2008,
            "venue": "Biol Direct",
            "volume": "3",
            "issn": "",
            "pages": "",
            "other_ids": {}
        },
        "BIBREF25": {
            "ref_id": "b25",
            "title": "Measuring codon bias",
            "authors": [
                {
                    "first": "A",
                    "middle": [],
                    "last": "Roth",
                    "suffix": ""
                },
                {
                    "first": "M",
                    "middle": [],
                    "last": "Anisimova",
                    "suffix": ""
                },
                {
                    "first": "G",
                    "middle": [
                        "M"
                    ],
                    "last": "Cannarozzi",
                    "suffix": ""
                }
            ],
            "year": 2012,
            "venue": "",
            "volume": "",
            "issn": "",
            "pages": "189--217",
            "other_ids": {}
        },
        "BIBREF26": {
            "ref_id": "b26",
            "title": "Bovine respiratory coronavirus",
            "authors": [
                {
                    "first": "L",
                    "middle": [
                        "J"
                    ],
                    "last": "Saif",
                    "suffix": ""
                }
            ],
            "year": 2010,
            "venue": "Vet Clin North Am Food Anim Pract",
            "volume": "26",
            "issn": "",
            "pages": "349--364",
            "other_ids": {}
        },
        "BIBREF27": {
            "ref_id": "b27",
            "title": "The codon Adaptation Index -a measure of directional synonymous codon usage bias, and its potential applications",
            "authors": [
                {
                    "first": "P",
                    "middle": [
                        "M"
                    ],
                    "last": "Sharp",
                    "suffix": ""
                },
                {
                    "first": "W",
                    "middle": [
                        "H"
                    ],
                    "last": "Li",
                    "suffix": ""
                }
            ],
            "year": 1987,
            "venue": "Nucleic Acids Res",
            "volume": "15",
            "issn": "",
            "pages": "1281--1295",
            "other_ids": {}
        },
        "BIBREF28": {
            "ref_id": "b28",
            "title": "Unique and conserved features of genome and proteome of SARS-coronavirus, an early split-off from the coronavirus group 2 lineage",
            "authors": [
                {
                    "first": "E",
                    "middle": [
                        "J"
                    ],
                    "last": "Snijder",
                    "suffix": ""
                },
                {
                    "first": "P",
                    "middle": [
                        "J"
                    ],
                    "last": "Bredenbeek",
                    "suffix": ""
                },
                {
                    "first": "J",
                    "middle": [
                        "C"
                    ],
                    "last": "Dobbe",
                    "suffix": ""
                },
                {
                    "first": "V",
                    "middle": [],
                    "last": "Thiel",
                    "suffix": ""
                },
                {
                    "first": "J",
                    "middle": [],
                    "last": "Ziebuhr",
                    "suffix": ""
                },
                {
                    "first": "L",
                    "middle": [
                        "L"
                    ],
                    "last": "Poon",
                    "suffix": ""
                },
                {
                    "first": "Y",
                    "middle": [],
                    "last": "Guan",
                    "suffix": ""
                },
                {
                    "first": "M",
                    "middle": [],
                    "last": "Rozanov",
                    "suffix": ""
                },
                {
                    "first": "W",
                    "middle": [
                        "J"
                    ],
                    "last": "Spaan",
                    "suffix": ""
                },
                {
                    "first": "A",
                    "middle": [
                        "E"
                    ],
                    "last": "Gorbalenya",
                    "suffix": ""
                }
            ],
            "year": 2003,
            "venue": "J Mol Biol",
            "volume": "331",
            "issn": "",
            "pages": "991--1004",
            "other_ids": {}
        },
        "BIBREF29": {
            "ref_id": "b29",
            "title": "Categorizing host-dependent RNA viruses by principal component analysis of their codon usage preferences",
            "authors": [
                {
                    "first": "M",
                    "middle": [
                        "W"
                    ],
                    "last": "Su",
                    "suffix": ""
                },
                {
                    "first": "H",
                    "middle": [
                        "M"
                    ],
                    "last": "Lin",
                    "suffix": ""
                },
                {
                    "first": "H",
                    "middle": [
                        "S"
                    ],
                    "last": "Yuan",
                    "suffix": ""
                },
                {
                    "first": "W",
                    "middle": [
                        "C"
                    ],
                    "last": "Chu",
                    "suffix": ""
                }
            ],
            "year": 2009,
            "venue": "J Comput Biol",
            "volume": "16",
            "issn": "",
            "pages": "1539--1547",
            "other_ids": {}
        },
        "BIBREF30": {
            "ref_id": "b30",
            "title": "Inter-and intra-variant genetic heterogeneity of human coronavirus OC43 strains in France",
            "authors": [
                {
                    "first": "A",
                    "middle": [],
                    "last": "Vabret",
                    "suffix": ""
                },
                {
                    "first": "J",
                    "middle": [],
                    "last": "Dina",
                    "suffix": ""
                },
                {
                    "first": "T",
                    "middle": [],
                    "last": "Mourez",
                    "suffix": ""
                },
                {
                    "first": "S",
                    "middle": [],
                    "last": "Gouarin",
                    "suffix": ""
                },
                {
                    "first": "J",
                    "middle": [],
                    "last": "Petitjean",
                    "suffix": ""
                },
                {
                    "first": "S",
                    "middle": [],
                    "last": "Van Der Werf",
                    "suffix": ""
                },
                {
                    "first": "F",
                    "middle": [],
                    "last": "Freymuth",
                    "suffix": ""
                }
            ],
            "year": 2006,
            "venue": "J Gen Virol",
            "volume": "87",
            "issn": "",
            "pages": "3349--3353",
            "other_ids": {}
        },
        "BIBREF31": {
            "ref_id": "b31",
            "title": "ACUA: A software tool for automated codon usage analysis",
            "authors": [
                {
                    "first": "U",
                    "middle": [],
                    "last": "Vetrivel",
                    "suffix": ""
                },
                {
                    "first": "V",
                    "middle": [],
                    "last": "Arunkumar",
                    "suffix": ""
                },
                {
                    "first": "S",
                    "middle": [],
                    "last": "Dorairaj",
                    "suffix": ""
                }
            ],
            "year": 2007,
            "venue": "Bioinformation",
            "volume": "2",
            "issn": "",
            "pages": "62--63",
            "other_ids": {}
        },
        "BIBREF32": {
            "ref_id": "b32",
            "title": "Evolutionary insights into the ecology of coronaviruses",
            "authors": [
                {
                    "first": "D",
                    "middle": [],
                    "last": "Vijaykrishna",
                    "suffix": ""
                },
                {
                    "first": "G",
                    "middle": [
                        "J"
                    ],
                    "last": "Smith",
                    "suffix": ""
                },
                {
                    "first": "J",
                    "middle": [
                        "X"
                    ],
                    "last": "Zhang",
                    "suffix": ""
                },
                {
                    "first": "J",
                    "middle": [
                        "S"
                    ],
                    "last": "Peiris",
                    "suffix": ""
                },
                {
                    "first": "Chen",
                    "middle": [
                        "H"
                    ],
                    "last": "Guan",
                    "suffix": ""
                },
                {
                    "first": "Y",
                    "middle": [],
                    "last": "",
                    "suffix": ""
                }
            ],
            "year": 2007,
            "venue": "J Virol",
            "volume": "81",
            "issn": "",
            "pages": "4012--4020",
            "other_ids": {}
        },
        "BIBREF33": {
            "ref_id": "b33",
            "title": "Circulation of genetically distinct",
            "authors": [
                {
                    "first": "L",
                    "middle": [],
                    "last": "Vijgen",
                    "suffix": ""
                },
                {
                    "first": "E",
                    "middle": [],
                    "last": "Keyaerts",
                    "suffix": ""
                },
                {
                    "first": "P",
                    "middle": [],
                    "last": "Lemey",
                    "suffix": ""
                },
                {
                    "first": "E",
                    "middle": [],
                    "last": "Mo\u00ebs",
                    "suffix": ""
                },
                {
                    "first": "S",
                    "middle": [],
                    "last": "Li",
                    "suffix": ""
                },
                {
                    "first": "A",
                    "middle": [
                        "M"
                    ],
                    "last": "Vandamme",
                    "suffix": ""
                },
                {
                    "first": "M",
                    "middle": [],
                    "last": "Van Ranst",
                    "suffix": ""
                }
            ],
            "year": 2005,
            "venue": "",
            "volume": "",
            "issn": "",
            "pages": "",
            "other_ids": {}
        },
        "BIBREF34": {
            "ref_id": "b34",
            "title": "Complete genomic sequence of human coronavirus OC43: Molecular clock analysis suggests a relatively recent zoonotic coronavirus transmission event",
            "authors": [
                {
                    "first": "L",
                    "middle": [],
                    "last": "Vijgen",
                    "suffix": ""
                },
                {
                    "first": "E",
                    "middle": [],
                    "last": "Keyaerts",
                    "suffix": ""
                },
                {
                    "first": "E",
                    "middle": [],
                    "last": "Mo\u00ebs",
                    "suffix": ""
                },
                {
                    "first": "I",
                    "middle": [],
                    "last": "Thoelen",
                    "suffix": ""
                },
                {
                    "first": "E",
                    "middle": [],
                    "last": "Wollants",
                    "suffix": ""
                },
                {
                    "first": "P",
                    "middle": [],
                    "last": "Lemey",
                    "suffix": ""
                },
                {
                    "first": "A",
                    "middle": [
                        "M"
                    ],
                    "last": "Vandamme",
                    "suffix": ""
                },
                {
                    "first": "M",
                    "middle": [],
                    "last": "Van Ranst",
                    "suffix": ""
                }
            ],
            "year": 2005,
            "venue": "J Virol",
            "volume": "79",
            "issn": "",
            "pages": "1595--1604",
            "other_ids": {}
        },
        "BIBREF35": {
            "ref_id": "b35",
            "title": "Evolutionary history of the closely related group 2 coronaviruses: Porcine hemagglutinating encephalomyelitis virus, bovine coronavirus, and human coronavirus OC43",
            "authors": [
                {
                    "first": "L",
                    "middle": [],
                    "last": "Vijgen",
                    "suffix": ""
                },
                {
                    "first": "E",
                    "middle": [],
                    "last": "Keyaerts",
                    "suffix": ""
                },
                {
                    "first": "P",
                    "middle": [],
                    "last": "Lemey",
                    "suffix": ""
                },
                {
                    "first": "P",
                    "middle": [],
                    "last": "Maes",
                    "suffix": ""
                },
                {
                    "first": "K",
                    "middle": [],
                    "last": "Van Reeth",
                    "suffix": ""
                },
                {
                    "first": "H",
                    "middle": [],
                    "last": "Nauwynck",
                    "suffix": ""
                },
                {
                    "first": "Pensaert",
                    "middle": [
                        "M"
                    ],
                    "last": "Van Ranst",
                    "suffix": ""
                },
                {
                    "first": "M",
                    "middle": [],
                    "last": "",
                    "suffix": ""
                }
            ],
            "year": 2006,
            "venue": "J Virol",
            "volume": "80",
            "issn": "",
            "pages": "7270--7274",
            "other_ids": {}
        },
        "BIBREF36": {
            "ref_id": "b36",
            "title": "Did a discrete event 200,000-100,000 years ago produce modern humans?",
            "authors": [
                {
                    "first": "T",
                    "middle": [
                        "D"
                    ],
                    "last": "Weaver",
                    "suffix": ""
                }
            ],
            "year": 2012,
            "venue": "J Hum Evol",
            "volume": "63",
            "issn": "",
            "pages": "121--126",
            "other_ids": {}
        },
        "BIBREF37": {
            "ref_id": "b37",
            "title": "A case for the ancient origin of coronaviruses",
            "authors": [
                {
                    "first": "J",
                    "middle": [
                        "O"
                    ],
                    "last": "Wertheim",
                    "suffix": ""
                },
                {
                    "first": "D",
                    "middle": [
                        "K"
                    ],
                    "last": "Chu",
                    "suffix": ""
                },
                {
                    "first": "J",
                    "middle": [
                        "S"
                    ],
                    "last": "Peiris",
                    "suffix": ""
                },
                {
                    "first": "Kosakovsky",
                    "middle": [],
                    "last": "Pond",
                    "suffix": ""
                },
                {
                    "first": "S",
                    "middle": [
                        "L"
                    ],
                    "last": "Poon",
                    "suffix": ""
                },
                {
                    "first": "L",
                    "middle": [
                        "L"
                    ],
                    "last": "",
                    "suffix": ""
                }
            ],
            "year": 2013,
            "venue": "J Virol",
            "volume": "87",
            "issn": "",
            "pages": "7039--7045",
            "other_ids": {}
        },
        "BIBREF38": {
            "ref_id": "b38",
            "title": "Papain-like protease 1 from transmissible gastroenteritis virus: Crystal structure and enzymatic activity toward viral and cellular substrates",
            "authors": [
                {
                    "first": "J",
                    "middle": [
                        "A"
                    ],
                    "last": "Wojdyla",
                    "suffix": ""
                },
                {
                    "first": "I",
                    "middle": [],
                    "last": "Manolaridis",
                    "suffix": ""
                },
                {
                    "first": "P",
                    "middle": [
                        "B"
                    ],
                    "last": "Van Kasteren",
                    "suffix": ""
                },
                {
                    "first": "M",
                    "middle": [],
                    "last": "Kikkert",
                    "suffix": ""
                },
                {
                    "first": "E",
                    "middle": [
                        "J"
                    ],
                    "last": "Snijder",
                    "suffix": ""
                },
                {
                    "first": "A",
                    "middle": [
                        "E"
                    ],
                    "last": "Gorbalenya",
                    "suffix": ""
                },
                {
                    "first": "P",
                    "middle": [
                        "A"
                    ],
                    "last": "Tucker",
                    "suffix": ""
                }
            ],
            "year": 2010,
            "venue": "J Virol",
            "volume": "84",
            "issn": "",
            "pages": "10063--10073",
            "other_ids": {}
        },
        "BIBREF39": {
            "ref_id": "b39",
            "title": "The 'effective number of codons' used in a gene",
            "authors": [
                {
                    "first": "F",
                    "middle": [],
                    "last": "Wright",
                    "suffix": ""
                }
            ],
            "year": 1990,
            "venue": "Gene",
            "volume": "87",
            "issn": "",
            "pages": "23--29",
            "other_ids": {}
        },
        "BIBREF40": {
            "ref_id": "b40",
            "title": "Predicted highly expressed genes in the genomes of Streptomyces coelicolor and Streptomyces avermitilis and the implications for their metabolism",
            "authors": [
                {
                    "first": "G",
                    "middle": [],
                    "last": "Wu",
                    "suffix": ""
                },
                {
                    "first": "D",
                    "middle": [
                        "E"
                    ],
                    "last": "Culley",
                    "suffix": ""
                },
                {
                    "first": "W",
                    "middle": [],
                    "last": "Zhang",
                    "suffix": ""
                }
            ],
            "year": 2005,
            "venue": "Microbiology",
            "volume": "151",
            "issn": "",
            "pages": "2175--2187",
            "other_ids": {}
        },
        "BIBREF41": {
            "ref_id": "b41",
            "title": "Quasispecies of bovine enteric and respiratory coronaviruses based on complete genome sequences and genetic changes after tissue culture adaptation",
            "authors": [
                {
                    "first": "X",
                    "middle": [],
                    "last": "Zhang",
                    "suffix": ""
                },
                {
                    "first": "M",
                    "middle": [],
                    "last": "Hasoksuz",
                    "suffix": ""
                },
                {
                    "first": "D",
                    "middle": [],
                    "last": "Spiro",
                    "suffix": ""
                },
                {
                    "first": "R",
                    "middle": [],
                    "last": "Halpin",
                    "suffix": ""
                },
                {
                    "first": "S",
                    "middle": [],
                    "last": "Wang",
                    "suffix": ""
                },
                {
                    "first": "A",
                    "middle": [],
                    "last": "Vlasova",
                    "suffix": ""
                },
                {
                    "first": "D",
                    "middle": [],
                    "last": "Janies",
                    "suffix": ""
                },
                {
                    "first": "L",
                    "middle": [
                        "R"
                    ],
                    "last": "Jones",
                    "suffix": ""
                },
                {
                    "first": "Ghedin",
                    "middle": [
                        "E"
                    ],
                    "last": "Saif",
                    "suffix": ""
                },
                {
                    "first": "L",
                    "middle": [
                        "J"
                    ],
                    "last": "",
                    "suffix": ""
                }
            ],
            "year": 2007,
            "venue": "Virology",
            "volume": "363",
            "issn": "",
            "pages": "1--10",
            "other_ids": {}
        },
        "BIBREF42": {
            "ref_id": "b42",
            "title": "The coronavirus replicase gene: Special enzymes for special viruses",
            "authors": [
                {
                    "first": "J",
                    "middle": [],
                    "last": "Ziebuhr",
                    "suffix": ""
                },
                {
                    "first": "E",
                    "middle": [
                        "J"
                    ],
                    "last": "Snijder",
                    "suffix": ""
                }
            ],
            "year": 2007,
            "venue": "Molecular and Cellular Biology",
            "volume": "",
            "issn": "",
            "pages": "33--64",
            "other_ids": {}
        },
        "BIBREF43": {
            "ref_id": "b43",
            "title": "Louis Bernard Klackzo License information: This is an open-access article distributed under the terms of the Creative Commons Attribution License (type CC-BY), which permits unrestricted use, distribution and reproduction in any medium",
            "authors": [],
            "year": null,
            "venue": "",
            "volume": "",
            "issn": "",
            "pages": "",
            "other_ids": {}
        }
    },
    "ref_entries": {
        "FIGREF0": {
            "text": "DCAI for BCoV and HCoV-OC43 coding regions/mRNAs for nsps1-16, ns2 and structural proteins HE, S, E, M, I and N regarding (A) human cholecystokinin (CCK) and (B) human surfactant protein A1 (SFTPA1) mRNAs as highly expressed, tissue specific proteins from the enteric and respiratory tracts, respectively. Positive DCAI values indicate viral codon usage optimization, while negative values indicate deoptimization. *=lowest distance from HCoVs lower CAI limit for both HCoV-OC43 and BCoV; #=highest distance from HCoVs lower CAI limit for both HCoV-OC43 and BCoV.",
            "latex": null,
            "type": "figure"
        },
        "FIGREF1": {
            "text": "Observed (dots) and expected (curve) effective number of codons (Nc and ENC, respectively) on the Y axis and %GC3 on the X axis for BCoV and HCoV-OC43 coding regions/mRNAs for nsps1-16, ns2 and structural proteins HE, S, E, M, I and N and human and bovine CCK (left and right lower arrowheads, respectively) and SFTPA1 (right and left upper arrowheads, respectively) mRNAs.",
            "latex": null,
            "type": "figure"
        },
        "FIGREF2": {
            "text": "MCC tree (burn in = 10% states, uncorrelated exponential clock and constant population size) for BCoV and HCoV-OC43 coding regions/mRNAs for nsps1-16, ns2 and structural proteins HE, S, E, M, I and N and the representatives (mRNAs) of human and bovine highly-expressed, tissue specific proteins CCK (light grey rectangle, cholecystokinin, enteric tract) and SFTPA1 (dark grey rectangle, surfactant protein A1, respiratory tract) based on the respective binary RSCU (Relative synonymous codon usage) values, showing the host/viruses split nodes A, B and C. Values to the left of each node are the posterior probabilities (only values > 50 are shown) and values to the right of each node are the 95% HPD (in years since 2004, the date of the HCoV-OC43 strain 19572 detection).",
            "latex": null,
            "type": "figure"
        }
    },
    "back_matter": [
        {
            "text": "This work was funded by FAPESP (grant 2015/17889-6), CNPq (grant # 301225/2013-3) and CAPES/PROEX (grant #2327).",
            "cite_spans": [],
            "ref_spans": [],
            "section": "Acknowledgments"
        }
    ]
}